sample_idx,true_l3,true_w4,rank,l3,w4,curve_mae_dB,freq_err_MHz,depth_err_dB
0,9.0,0.5,1,10.589725494384766,0.558057427406311,1.2746977806091309,0.0,1.533050537109375
0,9.0,0.5,2,9.596405029296875,0.6427130103111267,1.599485993385315,0.0,4.622264862060547
0,9.0,0.5,3,11.247475624084473,0.8160141706466675,1.6529572010040283,1615.3850000000007,0.5169754028320312
0,9.0,0.5,4,9.956753730773926,0.8258596658706665,1.8253711462020874,0.0,0.695404052734375
0,9.0,0.5,5,11.93089485168457,0.885181725025177,2.164607048034668,1615.3850000000007,1.9587516784667969
0,9.0,0.5,6,12.6485595703125,1.2977731227874756,3.0994198322296143,1615.3850000000007,2.019451141357422
0,9.0,0.5,7,13.198051452636719,1.152995228767395,3.1118881702423096,1615.3850000000007,0.345794677734375
0,9.0,0.5,8,12.96141529083252,1.3812379837036133,3.172128915786743,1615.3850000000007,0.44509315490722656
0,9.0,0.5,9,13.808919906616211,1.3007935285568237,3.3893818855285645,538.4620000000009,1.1836929321289062
0,9.0,0.5,10,11.487858772277832,1.402795672416687,3.4778778553009033,1615.3850000000007,5.5433349609375
1,9.0,1.0,1,9.52041244506836,0.9195287823677063,1.4064323902130127,0.0,8.025161743164062
1,9.0,1.0,2,9.926952362060547,0.9813233017921448,1.789209008216858,0.0,13.09183120727539
1,9.0,1.0,3,9.361818313598633,1.3317314386367798,1.8009427785873413,0.0,10.883514404296875
1,9.0,1.0,4,10.364192962646484,1.2773773670196533,2.3381118774414062,897.4359999999999,11.166069030761719
1,9.0,1.0,5,11.487858772277832,1.402795672416687,2.9699618816375732,897.4359999999999,10.090373992919922
1,9.0,1.0,6,11.070240020751953,1.4969416856765747,2.980339527130127,897.4359999999999,9.418100357055664
1,9.0,1.0,7,10.12739372253418,1.6227302551269531,3.057158946990967,897.4359999999999,9.217239379882812
1,9.0,1.0,8,12.95036506652832,1.722233533859253,3.2559967041015625,2871.7949999999996,19.177101135253906
1,9.0,1.0,9,12.109417915344238,1.787240982055664,3.276447296142578,897.4359999999999,16.1131591796875
1,9.0,1.0,10,12.777719497680664,1.3464829921722412,3.3858819007873535,897.4359999999999,14.652475357055664
2,9.0,1.5,1,9.16467571258545,1.5141301155090332,0.7150477170944214,0.0,0.49297142028808594
2,9.0,1.5,2,9.592357635498047,1.8535736799240112,1.2316147089004517,0.0,1.7085514068603516
2,9.0,1.5,3,10.12739372253418,1.6227302551269531,1.4122976064682007,0.0,2.4000911712646484
2,9.0,1.5,4,10.478836059570312,1.4752626419067383,1.6381423473358154,0.0,2.4535655975341797
2,9.0,1.5,5,11.337157249450684,1.6130121946334839,1.8806955814361572,0.0,1.1707572937011719
2,9.0,1.5,6,12.109417915344238,1.787240982055664,1.9606873989105225,0.0,4.495828628540039
2,9.0,1.5,7,12.95036506652832,1.722233533859253,2.164994478225708,1974.3589999999997,7.559770584106445
2,9.0,1.5,8,9.926952362060547,0.9813233017921448,2.228419542312622,897.4359999999999,1.4745006561279297
2,9.0,1.5,9,12.777719497680664,1.3464829921722412,2.251899242401123,0.0,3.035144805908203
2,9.0,1.5,10,13.860359191894531,1.9609384536743164,2.5374019145965576,1076.9229999999998,8.017532348632812
3,9.0,2.0,1,9.275108337402344,2.2403697967529297,0.8441352844238281,0.0,0.8939895629882812
3,9.0,2.0,2,9.464669227600098,1.9363402128219604,1.0629018545150757,1794.8719999999998,0.2059001922607422
3,9.0,2.0,3,10.454599380493164,2.7169132232666016,1.4609954357147217,0.0,1.2734241485595703
3,9.0,2.0,4,11.329833030700684,2.38769793510437,1.49946928024292,5025.6410000000005,0.43384742736816406
3,9.0,2.0,5,11.170792579650879,2.7130703926086426,1.5299301147460938,0.0,0.13371849060058594
3,9.0,2.0,6,11.854026794433594,2.375211477279663,1.7163982391357422,5025.6410000000005,0.45209693908691406
3,9.0,2.0,7,11.601466178894043,2.8099441528320312,1.9111559391021729,0.0,2.7079296112060547
3,9.0,2.0,8,9.707940101623535,2.8524744510650635,1.988760232925415,0.0,0.3770160675048828
3,9.0,2.0,9,13.160544395446777,2.2593765258789062,2.0712311267852783,5025.6410000000005,1.3501129150390625
3,9.0,2.0,10,9.16467571258545,1.5141301155090332,2.140930652618408,1794.8719999999998,3.498689651489258
4,9.0,2.5,1,10.454599380493164,2.7169132232666016,1.2439424991607666,0.0,12.593914031982422
4,9.0,2.5,2,9.044177055358887,2.292325735092163,1.2720091342926025,0.0,11.922271728515625
4,9.0,2.5,3,9.371603012084961,2.2876155376434326,1.3336001634597778,0.0,12.592048645019531
4,9.0,2.5,4,9.707940101623535,2.8524744510650635,1.571268081665039,0.0,13.49032211303711
4,9.0,2.5,5,11.170792579650879,2.7130703926086426,1.5990958213806152,0.0,14.001056671142578
4,9.0,2.5,6,11.493688583374023,2.6334750652313232,1.8254144191741943,0.0,14.28738021850586
4,9.0,2.5,7,9.464669227600098,1.9363402128219604,2.222297191619873,1794.8719999999998,13.66143798828125
4,9.0,2.5,8,11.602643013000488,3.048757314682007,2.338630199432373,5025.6410000000005,19.790475845336914
4,9.0,2.5,9,11.854026794433594,2.375211477279663,2.3462817668914795,5025.6410000000005,13.415241241455078
4,9.0,2.5,10,10.567862510681152,3.1656687259674072,2.3467962741851807,0.0,19.047687530517578
5,9.0,3.0,1,9.863131523132324,3.2295644283294678,1.2429206371307373,3051.282,3.6063899993896484
5,9.0,3.0,2,9.707940101623535,2.8524744510650635,1.3804981708526611,1076.9229999999998,0.24590492248535156
5,9.0,3.0,3,10.567862510681152,3.1656687259674072,1.536909818649292,1076.9229999999998,5.311460494995117
5,9.0,3.0,4,9.508466720581055,3.570687770843506,1.837693214416504,3051.282,1.1236095428466797
5,9.0,3.0,5,9.203352928161621,3.604802370071411,1.9037574529647827,3051.282,0.5881900787353516
5,9.0,3.0,6,10.467236518859863,3.550112009048462,1.9195101261138916,3051.282,5.954372406005859
5,9.0,3.0,7,10.115950584411621,3.636319637298584,2.0130422115325928,3051.282,4.328947067260742
5,9.0,3.0,8,11.433938026428223,3.312852382659912,2.0840823650360107,1076.9229999999998,9.130558013916016
5,9.0,3.0,9,11.602643013000488,3.048757314682007,2.0889923572540283,3948.7180000000003,6.054248809814453
5,9.0,3.0,10,10.454599380493164,2.7169132232666016,2.1776750087738037,1076.9229999999998,1.142313003540039
6,9.0,3.5,1,9.508466720581055,3.570687770843506,0.6294553875923157,0.0,8.17253303527832
6,9.0,3.5,2,9.203352928161621,3.604802370071411,0.6762955188751221,0.0,6.460733413696289
6,9.0,3.5,3,10.115950584411621,3.636319637298584,0.7848528623580933,0.0,11.377870559692383
6,9.0,3.5,4,10.467236518859863,3.550112009048462,0.9437332153320312,0.0,13.0032958984375
6,9.0,3.5,5,10.698713302612305,3.3284213542938232,1.174626111984253,0.0,14.31370735168457
6,9.0,3.5,6,9.863131523132324,3.2295644283294678,1.2856664657592773,0.0,10.655313491821289
6,9.0,3.5,7,11.433938026428223,3.312852382659912,1.4279568195343018,4128.204999999999,16.179481506347656
6,9.0,3.5,8,11.647184371948242,3.7364275455474854,1.5779659748077393,0.0,17.23294448852539
6,9.0,3.5,9,12.420328140258789,3.639885902404785,1.7807152271270752,897.4360000000004,18.162858963012695
6,9.0,3.5,10,11.602643013000488,3.048757314682007,1.8916593790054321,897.4360000000004,13.103172302246094
7,9.0,4.0,1,9.976305961608887,3.868565559387207,0.5455440878868103,0.0,0.3257102966308594
7,9.0,4.0,2,10.248148918151855,3.676482677459717,0.6647823452949524,0.0,1.39935302734375
7,9.0,4.0,3,9.508466720581055,3.570687770843506,0.760367751121521,0.0,2.453184127807617
7,9.0,4.0,4,9.203352928161621,3.604802370071411,0.7934519052505493,0.0,4.164983749389648
7,9.0,4.0,5,11.647184371948242,3.7364275455474854,1.1839555501937866,0.0,6.607227325439453
7,9.0,4.0,6,10.597390174865723,3.363051652908325,1.1982314586639404,0.0,3.1742687225341797
7,9.0,4.0,7,12.420328140258789,3.639885902404785,1.3918808698654175,897.4360000000004,7.537141799926758
7,9.0,4.0,8,11.433938026428223,3.312852382659912,1.4587852954864502,4128.204999999999,5.553764343261719
7,9.0,4.0,9,9.863131523132324,3.2295644283294678,1.5216317176818848,0.0,0.029596328735351562
7,9.0,4.0,10,13.113875389099121,3.512557029724121,1.5752044916152954,897.4360000000004,5.492076873779297
8,10.0,0.5,1,10.589725494384766,0.558057427406311,0.9485063552856445,0.0,5.939960479736328
8,10.0,0.5,2,9.596405029296875,0.6427130103111267,1.526578664779663,0.0,2.8507461547851562
8,10.0,0.5,3,11.247475624084473,0.8160141706466675,1.8623554706573486,1615.3850000000007,7.989986419677734
8,10.0,0.5,4,9.956753730773926,0.8258596658706665,2.1266236305236816,0.0,6.777606964111328
8,10.0,0.5,5,11.996320724487305,0.6100021600723267,2.1804099082946777,1615.3850000000007,9.272151947021484
8,10.0,0.5,6,13.198051452636719,1.152995228767395,3.253436326980591,1615.3850000000007,7.818805694580078
8,10.0,0.5,7,12.6485595703125,1.2977731227874756,3.4025001525878906,1615.3850000000007,5.453559875488281
8,10.0,0.5,8,12.96141529083252,1.3812379837036133,3.485823154449463,1615.3850000000007,7.91810417175293
8,10.0,0.5,9,13.808919906616211,1.3007935285568237,3.532939910888672,538.4620000000009,8.65670394897461
8,10.0,0.5,10,13.373682022094727,0.6801756024360657,3.6468474864959717,1974.3590000000006,7.233634948730469
9,10.0,1.0,1,9.926952362060547,0.9813233017921448,0.6481302380561829,1615.3850000000002,1.2798805236816406
9,10.0,1.0,2,9.52041244506836,0.9195287823677063,1.0160810947418213,1615.3850000000002,6.346549987792969
9,10.0,1.0,3,10.364192962646484,1.2773773670196533,1.4095852375030518,2512.8210000000004,3.2056427001953125
9,10.0,1.0,4,11.247475624084473,0.8160141706466675,1.7311255931854248,2512.8210000000004,1.7789726257324219
9,10.0,1.0,5,11.487858772277832,1.402795672416687,1.8505103588104248,2512.8210000000004,4.281337738037109
9,10.0,1.0,6,9.361818313598633,1.3317314386367798,1.8548262119293213,1615.3850000000002,3.4881973266601562
9,10.0,1.0,7,11.93089485168457,0.885181725025177,1.9247239828109741,2512.8210000000004,0.6967544555664062
9,10.0,1.0,8,11.070240020751953,1.4969416856765747,2.0118446350097656,2512.8210000000004,4.953611373901367
9,10.0,1.0,9,12.6485595703125,1.2977731227874756,2.1157031059265137,2512.8210000000004,0.7574539184570312
9,10.0,1.0,10,10.12739372253418,1.6227302551269531,2.2031166553497314,2512.8210000000004,5.154472351074219
10,10.0,1.5,1,9.16467571258545,1.5141301155090332,1.3168442249298096,0.0,3.8957290649414062
10,10.0,1.5,2,10.364192962646484,1.2773773670196533,1.6041593551635742,0.0,4.839962005615234
10,10.0,1.5,3,10.12739372253418,1.6227302551269531,1.626729965209961,0.0,6.788791656494141
10,10.0,1.5,4,9.592357635498047,1.8535736799240112,1.6413952112197876,0.0,2.6801490783691406
10,10.0,1.5,5,11.070240020751953,1.4969416856765747,1.7045589685440063,0.0,6.587930679321289
10,10.0,1.5,6,11.487858772277832,1.402795672416687,1.7273365259170532,0.0,5.915657043457031
10,10.0,1.5,7,12.109417915344238,1.787240982055664,1.755368947982788,0.0,0.10712814331054688
10,10.0,1.5,8,9.926952362060547,0.9813233017921448,1.8435548543930054,897.4359999999999,2.9141998291015625
10,10.0,1.5,9,12.777719497680664,1.3464829921722412,1.8722442388534546,0.0,1.353555679321289
10,10.0,1.5,10,12.95036506652832,1.722233533859253,1.9212583303451538,1974.3589999999997,3.171070098876953
11,10.0,2.0,1,9.464669227600098,1.9363402128219604,1.0891313552856445,3230.7690000000002,0.0056095123291015625
11,10.0,2.0,2,12.109417915344238,1.787240982055664,1.3518551588058472,3230.7690000000002,0.7044582366943359
11,10.0,2.0,3,13.160544395446777,2.2593765258789062,1.546718716621399,0.0,1.1498222351074219
11,10.0,2.0,4,11.436910629272461,2.315767288208008,1.5826982259750366,0.0,0.31369590759277344
11,10.0,2.0,5,13.789267539978027,2.2799973487854004,1.605594277381897,0.0,1.8603496551513672
11,10.0,2.0,6,11.854026794433594,2.375211477279663,1.635109543800354,0.0,0.25180625915527344
11,10.0,2.0,7,12.95036506652832,1.722233533859253,1.6559741497039795,5205.128000000001,3.768400192260742
11,10.0,2.0,8,10.12739372253418,1.6227302551269531,1.6997489929199219,3230.7690000000002,6.191461563110352
11,10.0,2.0,9,11.493688583374023,2.6334750652313232,1.7067779302597046,5025.6410000000005,0.6203327178955078
11,10.0,2.0,10,11.337157249450684,1.6130121946334839,1.7699058055877686,3230.7690000000002,4.962127685546875
12,10.0,2.5,1,11.170792579650879,2.7130703926086426,0.7427751421928406,897.4359999999999,4.873430252075195
12,10.0,2.5,2,10.454599380493164,2.7169132232666016,0.8086450695991516,897.4359999999999,3.466287612915039
12,10.0,2.5,3,9.371603012084961,2.2876155376434326,0.820569634437561,897.4359999999999,3.4644222259521484
12,10.0,2.5,4,11.493688583374023,2.6334750652313232,0.8759803771972656,897.4359999999999,5.159753799438477
12,10.0,2.5,5,9.044177055358887,2.292325735092163,1.144647240638733,897.4359999999999,2.794645309448242
12,10.0,2.5,6,11.436910629272461,2.315767288208008,1.1822383403778076,4128.205,4.225725173950195
12,10.0,2.5,7,11.854026794433594,2.375211477279663,1.1991697549819946,4128.205,4.287614822387695
12,10.0,2.5,8,9.464669227600098,1.9363402128219604,1.4347896575927734,897.4359999999999,4.533811569213867
12,10.0,2.5,9,9.707940101623535,2.8524744510650635,1.4996228218078613,897.4359999999999,4.362695693969727
12,10.0,2.5,10,13.160544395446777,2.2593765258789062,1.6742331981658936,4128.205,3.389598846435547
13,10.0,3.0,1,9.781376838684082,2.960566282272339,0.876010537147522,0.0,3.96844482421875
13,10.0,3.0,2,10.567862510681152,3.1656687259674072,0.9232660531997681,0.0,7.935314178466797
13,10.0,3.0,3,10.454599380493164,2.7169132232666016,1.2170307636260986,0.0,1.4815406799316406
13,10.0,3.0,4,11.602643013000488,3.048757314682007,1.2854909896850586,5025.6410000000005,8.678102493286133
13,10.0,3.0,5,11.433938026428223,3.312852382659912,1.37210214138031,0.0,11.754411697387695
13,10.0,3.0,6,11.170792579650879,2.7130703926086426,1.4150760173797607,0.0,2.888683319091797
13,10.0,3.0,7,10.467236518859863,3.550112009048462,1.6452745199203491,4128.204999999999,8.578226089477539
13,10.0,3.0,8,9.508466720581055,3.570687770843506,1.669594168663025,4128.204999999999,3.7474632263183594
13,10.0,3.0,9,11.493688583374023,2.6334750652313232,1.694504976272583,0.0,3.175006866455078
13,10.0,3.0,10,9.371603012084961,2.2876155376434326,1.7883579730987549,0.0,1.47967529296875
14,10.0,3.5,1,10.115950584411621,3.636319637298584,0.3679161071777344,0.0,0.24948883056640625
14,10.0,3.5,2,10.467236518859863,3.550112009048462,0.42317432165145874,0.0,1.8749141693115234
14,10.0,3.5,3,9.508466720581055,3.570687770843506,0.7267614006996155,0.0,2.9558486938476562
14,10.0,3.5,4,10.698713302612305,3.3284213542938232,0.7738111019134521,0.0,3.1853256225585938
14,10.0,3.5,5,11.433938026428223,3.312852382659912,0.8262866139411926,4128.204999999999,5.05109977722168
14,10.0,3.5,6,11.647184371948242,3.7364275455474854,0.8923155069351196,0.0,6.104562759399414
14,10.0,3.5,7,9.203352928161621,3.604802370071411,0.9590066075325012,0.0,4.6676483154296875
14,10.0,3.5,8,12.420328140258789,3.639885902404785,1.0847409963607788,897.4360000000004,7.034477233886719
14,10.0,3.5,9,9.863131523132324,3.2295644283294678,1.1392123699188232,0.0,0.4730682373046875
14,10.0,3.5,10,13.113875389099121,3.512557029724121,1.268593430519104,897.4360000000004,4.989412307739258
15,10.0,4.0,1,9.976305961608887,3.868565559387207,0.41487303376197815,0.0,1.4418697357177734
15,10.0,4.0,2,10.248148918151855,3.676482677459717,0.5583486557006836,0.0,0.3682270050048828
15,10.0,4.0,3,9.508466720581055,3.570687770843506,0.8776670694351196,0.0,4.22076416015625
15,10.0,4.0,4,9.203352928161621,3.604802370071411,0.9277776479721069,0.0,5.932563781738281
15,10.0,4.0,5,11.647184371948242,3.7364275455474854,1.0263649225234985,0.0,4.83964729309082
15,10.0,4.0,6,10.597390174865723,3.363051652908325,1.2027894258499146,0.0,1.4066886901855469
15,10.0,4.0,7,12.420328140258789,3.639885902404785,1.2569507360458374,897.4360000000004,5.769561767578125
15,10.0,4.0,8,11.433938026428223,3.312852382659912,1.3711639642715454,4128.204999999999,3.786184310913086
15,10.0,4.0,9,13.113875389099121,3.512557029724121,1.4534679651260376,897.4360000000004,3.724496841430664
15,10.0,4.0,10,13.78320026397705,3.9497766494750977,1.524904489517212,1435.8970000000002,5.857732772827148
16,11.0,0.5,1,10.589725494384766,0.558057427406311,1.1587398052215576,897.4360000000008,0.5078659057617188
16,11.0,0.5,2,11.996320724487305,0.6100021600723267,1.6203835010528564,717.949,3.840057373046875
16,11.0,0.5,3,11.247475624084473,0.8160141706466675,1.9226707220077515,717.949,2.557891845703125
16,11.0,0.5,4,9.596405029296875,0.6427130103111267,2.217573881149292,897.4360000000008,2.581348419189453
16,11.0,0.5,5,9.956753730773926,0.8258596658706665,2.5989067554473877,897.4360000000008,1.3455123901367188
16,11.0,0.5,6,13.373682022094727,0.6801756024360657,2.940401077270508,1076.9229999999998,1.8015403747558594
16,11.0,0.5,7,13.198051452636719,1.152995228767395,3.2662711143493652,717.949,2.3867111206054688
16,11.0,0.5,8,13.986385345458984,0.8971573114395142,3.287039279937744,1076.9229999999998,3.4258975982666016
16,11.0,0.5,9,13.808919906616211,1.3007935285568237,3.3687119483947754,358.97399999999993,3.224609375
16,11.0,0.5,10,12.6485595703125,1.2977731227874756,3.532611846923828,717.949,0.021465301513671875
17,11.0,1.0,1,11.93089485168457,0.885181725025177,1.1311419010162354,0.0,0.017253875732421875
17,11.0,1.0,2,11.247475624084473,0.8160141706466675,1.1865675449371338,0.0,2.4584732055664062
17,11.0,1.0,3,9.926952362060547,0.9813233017921448,1.290279746055603,897.4359999999999,0.6003799438476562
17,11.0,1.0,4,11.487858772277832,1.402795672416687,1.292068600654602,0.0,3.601837158203125
17,11.0,1.0,5,12.6485595703125,1.2977731227874756,1.3079965114593506,0.0,0.07795333862304688
17,11.0,1.0,6,10.364192962646484,1.2773773670196533,1.3715347051620483,0.0,2.526142120361328
17,11.0,1.0,7,13.198051452636719,1.152995228767395,1.5200386047363281,0.0,2.28729248046875
17,11.0,1.0,8,11.070240020751953,1.4969416856765747,1.5741112232208252,0.0,4.274110794067383
17,11.0,1.0,9,12.96141529083252,1.3812379837036133,1.5879894495010376,0.0,2.3865909576416016
17,11.0,1.0,10,10.12739372253418,1.6227302551269531,1.6979789733886719,0.0,4.474971771240234
18,11.0,1.5,1,11.487858772277832,1.402795672416687,1.030931830406189,0.0,6.208789825439453
18,11.0,1.5,2,11.070240020751953,1.4969416856765747,1.0315145254135132,0.0,5.536516189575195
18,11.0,1.5,3,10.478836059570312,1.4752626419067383,1.0612119436264038,0.0,5.2821807861328125
18,11.0,1.5,4,10.12739372253418,1.6227302551269531,1.093993902206421,0.0,5.335655212402344
18,11.0,1.5,5,9.361818313598633,1.3317314386367798,1.5167524814605713,897.4359999999999,7.001930236816406
18,11.0,1.5,6,12.109417915344238,1.787240982055664,1.5920097827911377,0.0,12.231575012207031
18,11.0,1.5,7,12.6485595703125,1.2977731227874756,1.6240320205688477,0.0,9.732673645019531
18,11.0,1.5,8,12.96141529083252,1.3812379837036133,1.7682726383209229,0.0,12.19721794128418
18,11.0,1.5,9,9.592357635498047,1.8535736799240112,1.8059476613998413,0.0,9.444297790527344
18,11.0,1.5,10,12.95036506652832,1.722233533859253,1.8795229196548462,1974.3589999999997,15.295516967773438
19,11.0,2.0,1,9.592357635498047,1.8535736799240112,0.8690286874771118,0.0,0.2854442596435547
19,11.0,2.0,2,12.109417915344238,1.787240982055664,0.9664700627326965,0.0,2.501832962036133
19,11.0,2.0,3,11.337157249450684,1.6130121946334839,1.2717952728271484,0.0,3.164752960205078
19,11.0,2.0,4,10.12739372253418,1.6227302551269531,1.2826225757598877,0.0,4.394086837768555
19,11.0,2.0,5,12.95036506652832,1.722233533859253,1.3946993350982666,1974.3589999999997,5.565774917602539
19,11.0,2.0,6,13.160544395446777,2.2593765258789062,1.4894201755523682,3230.7690000000002,0.647552490234375
19,11.0,2.0,7,11.436910629272461,2.315767288208008,1.513758897781372,3230.7690000000002,1.4836788177490234
19,11.0,2.0,8,9.16467571258545,1.5141301155090332,1.5903947353363037,0.0,1.5010242462158203
19,11.0,2.0,9,11.854026794433594,2.375211477279663,1.6141777038574219,3230.7690000000002,1.5455684661865234
19,11.0,2.0,10,13.789267539978027,2.2799973487854004,1.664261817932129,3230.7690000000002,0.06297492980957031
20,11.0,2.5,1,11.170792579650879,2.7130703926086426,0.7450868487358093,0.0,3.913942337036133
20,11.0,2.5,2,11.493688583374023,2.6334750652313232,0.782995343208313,0.0,4.200265884399414
20,11.0,2.5,3,10.454599380493164,2.7169132232666016,0.8231027722358704,0.0,2.5067996978759766
20,11.0,2.5,4,9.371603012084961,2.2876155376434326,0.9084140062332153,0.0,2.504934310913086
20,11.0,2.5,5,11.854026794433594,2.375211477279663,0.9706471562385559,5025.6410000000005,3.328126907348633
20,11.0,2.5,6,11.436910629272461,2.315767288208008,1.0024492740631104,5025.6410000000005,3.266237258911133
20,11.0,2.5,7,9.044177055358887,2.292325735092163,1.1661487817764282,0.0,1.8351573944091797
20,11.0,2.5,8,13.160544395446777,2.2593765258789062,1.386636734008789,5025.6410000000005,2.4301109313964844
20,11.0,2.5,9,9.464669227600098,1.9363402128219604,1.5327255725860596,1794.8719999999998,3.5743236541748047
20,11.0,2.5,10,9.707940101623535,2.8524744510650635,1.6417690515518188,0.0,3.403207778930664
21,11.0,3.0,1,11.602643013000488,3.048757314682007,0.7001209855079651,5025.6410000000005,1.118021011352539
21,11.0,3.0,2,10.567862510681152,3.1656687259674072,0.7019575834274292,0.0,0.3752326965332031
21,11.0,3.0,3,9.863131523132324,3.2295644283294678,1.0054930448532104,4128.204999999999,1.3298377990722656
21,11.0,3.0,4,11.170792579650879,2.7130703926086426,1.1642627716064453,0.0,4.671398162841797
21,11.0,3.0,5,11.433938026428223,3.312852382659912,1.1740001440048218,0.0,4.194330215454102
21,11.0,3.0,6,11.493688583374023,2.6334750652313232,1.3145771026611328,0.0,4.385074615478516
21,11.0,3.0,7,9.707940101623535,2.8524744510650635,1.3538439273834229,0.0,5.182132720947266
21,11.0,3.0,8,10.454599380493164,2.7169132232666016,1.3690770864486694,0.0,6.078540802001953
21,11.0,3.0,9,13.181862831115723,3.0408449172973633,1.517022967338562,5025.6410000000005,3.028553009033203
21,11.0,3.0,10,10.467236518859863,3.550112009048462,1.541197657585144,4128.204999999999,1.0181446075439453
22,11.0,3.5,1,10.467236518859863,3.550112009048462,0.48970016837120056,0.0,1.896651268005371
22,11.0,3.5,2,10.115950584411621,3.636319637298584,0.62376868724823,0.0,3.5220766067504883
22,11.0,3.5,3,11.433938026428223,3.312852382659912,0.6512775421142578,4128.204999999999,1.2795343399047852
22,11.0,3.5,4,10.698713302612305,3.3284213542938232,0.7154728770256042,0.0,0.5862398147583008
22,11.0,3.5,5,11.647184371948242,3.7364275455474854,0.7260130047798157,0.0,2.3329973220825195
22,11.0,3.5,6,12.420328140258789,3.639885902404785,0.8773924112319946,897.4360000000004,3.262911796569824
22,11.0,3.5,7,13.113875389099121,3.512557029724121,1.0018179416656494,897.4360000000004,1.2178468704223633
22,11.0,3.5,8,9.508466720581055,3.570687770843506,1.0953916311264038,0.0,6.727414131164551
22,11.0,3.5,9,13.181862831115723,3.0408449172973633,1.123963713645935,897.4360000000004,5.9433488845825195
22,11.0,3.5,10,11.602643013000488,3.048757314682007,1.2680150270462036,897.4360000000004,1.7967748641967773
23,11.0,4.0,1,9.976305961608887,3.868565559387207,0.47895774245262146,0.0,4.5131988525390625
23,11.0,4.0,2,11.647184371948242,3.7364275455474854,0.5092790722846985,0.0,1.7683181762695312
23,11.0,4.0,3,10.248148918151855,3.676482677459717,0.6282258033752441,0.0,3.439556121826172
23,11.0,4.0,4,12.420328140258789,3.639885902404785,0.7236223816871643,897.4360000000004,2.698232650756836
23,11.0,4.0,5,13.113875389099121,3.512557029724121,0.9385035634040833,897.4360000000004,0.653167724609375
23,11.0,4.0,6,13.78320026397705,3.9497766494750977,1.055768370628357,1435.8970000000002,2.7864036560058594
23,11.0,4.0,7,11.433938026428223,3.312852382659912,1.1840076446533203,4128.204999999999,0.7148551940917969
23,11.0,4.0,8,9.508466720581055,3.570687770843506,1.1892690658569336,0.0,7.292093276977539
23,11.0,4.0,9,10.597390174865723,3.363051652908325,1.2407779693603516,0.0,1.6646404266357422
23,11.0,4.0,10,13.89482307434082,3.326040506362915,1.2925746440887451,897.4360000000004,5.294191360473633
24,12.0,0.5,1,11.996320724487305,0.6100021600723267,0.8374943733215332,1076.9229999999998,2.627798080444336
24,12.0,0.5,2,11.247475624084473,0.8160141706466675,1.5225152969360352,1076.9229999999998,3.909963607788086
24,12.0,0.5,3,10.589725494384766,0.558057427406311,1.7278972864151,538.4620000000009,5.959989547729492
24,12.0,0.5,4,13.373682022094727,0.6801756024360657,1.7796523571014404,1435.8969999999997,4.666315078735352
24,12.0,0.5,5,13.986385345458984,0.8971573114395142,2.1563162803649902,1435.8969999999997,3.0419578552246094
24,12.0,0.5,6,13.198051452636719,1.152995228767395,2.1934704780578613,1076.9229999999998,4.081144332885742
24,12.0,0.5,7,13.808919906616211,1.3007935285568237,2.377142906188965,0.0,3.243246078491211
24,12.0,0.5,8,12.6485595703125,1.2977731227874756,2.4450459480285645,1076.9229999999998,6.446390151977539
24,12.0,0.5,9,12.96141529083252,1.3812379837036133,2.540632724761963,1076.9229999999998,3.9818458557128906
24,12.0,0.5,10,13.739316940307617,0.5243324637413025,2.5579638481140137,1435.8969999999997,9.271581649780273
25,12.0,1.0,1,11.93089485168457,0.885181725025177,0.669116199016571,0.0,3.7963008880615234
25,12.0,1.0,2,11.247475624084473,0.8160141706466675,1.0571348667144775,0.0,6.272027969360352
25,12.0,1.0,3,12.6485595703125,1.2977731227874756,1.1966521739959717,0.0,3.7356014251708984
25,12.0,1.0,4,13.198051452636719,1.152995228767395,1.2306684255599976,0.0,6.100847244262695
25,12.0,1.0,5,11.487858772277832,1.402795672416687,1.4341468811035156,0.0,0.2117176055908203
25,12.0,1.0,6,12.96141529083252,1.3812379837036133,1.4556982517242432,0.0,6.200145721435547
25,12.0,1.0,7,11.070240020751953,1.4969416856765747,1.7808220386505127,0.0,0.4605560302734375
25,12.0,1.0,8,13.808919906616211,1.3007935285568237,1.8054618835449219,1076.9229999999998,6.938745498657227
25,12.0,1.0,9,10.364192962646484,1.2773773670196533,1.8384755849838257,0.0,1.2874126434326172
25,12.0,1.0,10,13.986385345458984,0.8971573114395142,1.9577198028564453,358.97399999999993,7.140033721923828
26,12.0,1.5,1,11.487858772277832,1.402795672416687,0.7908538579940796,0.0,2.5119400024414062
26,12.0,1.5,2,12.6485595703125,1.2977731227874756,0.959516167640686,0.0,1.0119438171386719
26,12.0,1.5,3,11.070240020751953,1.4969416856765747,1.0034615993499756,0.0,3.184213638305664
26,12.0,1.5,4,12.109417915344238,1.787240982055664,1.1373727321624756,0.0,3.510845184326172
26,12.0,1.5,5,10.478836059570312,1.4752626419067383,1.2095433473587036,0.0,3.438549041748047
26,12.0,1.5,6,12.96141529083252,1.3812379837036133,1.213111162185669,0.0,3.4764881134033203
26,12.0,1.5,7,10.12739372253418,1.6227302551269531,1.3467493057250977,0.0,3.3850746154785156
26,12.0,1.5,8,12.95036506652832,1.722233533859253,1.4046112298965454,1974.3589999999997,6.574787139892578
26,12.0,1.5,9,13.198051452636719,1.152995228767395,1.46001398563385,0.0,3.3771896362304688
26,12.0,1.5,10,11.93089485168457,0.885181725025177,1.5574737787246704,0.0,1.0726432800292969
27,12.0,2.0,1,12.109417915344238,1.787240982055664,0.9795980453491211,1974.3589999999997,5.670555114746094
27,12.0,2.0,2,12.95036506652832,1.722233533859253,1.166499137878418,0.0,8.7344970703125
27,12.0,2.0,3,13.160544395446777,2.2593765258789062,1.2530543804168701,5205.128000000001,3.816274642944336
27,12.0,2.0,4,13.860359191894531,1.9609384536743164,1.3538774251937866,3051.2819999999997,9.192258834838867
27,12.0,2.0,5,11.436910629272461,2.315767288208008,1.358976125717163,5205.128000000001,4.652400970458984
27,12.0,2.0,6,13.789267539978027,2.2799973487854004,1.4192270040512085,5205.128000000001,3.1057472229003906
27,12.0,2.0,7,11.854026794433594,2.375211477279663,1.4224554300308228,5205.128000000001,4.714290618896484
27,12.0,2.0,8,9.592357635498047,1.8535736799240112,1.60247004032135,1974.3589999999997,2.8832778930664062
27,12.0,2.0,9,11.337157249450684,1.6130121946334839,1.7076228857040405,1974.3589999999997,0.0039691925048828125
27,12.0,2.0,10,11.493688583374023,2.6334750652313232,1.7570136785507202,179.48699999999997,5.586429595947266
28,12.0,2.5,1,13.160544395446777,2.2593765258789062,0.7953841090202332,0.0,2.7755870819091797
28,12.0,2.5,2,11.493688583374023,2.6334750652313232,0.871512770652771,5025.6410000000005,4.545742034912109
28,12.0,2.5,3,13.789267539978027,2.2799973487854004,0.898573100566864,0.0,2.0650596618652344
28,12.0,2.5,4,11.854026794433594,2.375211477279663,0.9460437893867493,0.0,3.673603057861328
28,12.0,2.5,5,11.436910629272461,2.315767288208008,1.0048553943634033,0.0,3.611713409423828
28,12.0,2.5,6,11.170792579650879,2.7130703926086426,1.0797967910766602,5025.6410000000005,4.259418487548828
28,12.0,2.5,7,14.100460052490234,2.4432027339935303,1.2141457796096802,0.0,1.2770004272460938
28,12.0,2.5,8,9.464669227600098,1.9363402128219604,1.3324881792068481,3230.7690000000002,3.9197998046875
28,12.0,2.5,9,13.860359191894531,1.9609384536743164,1.344248652458191,2153.8460000000005,8.151571273803711
28,12.0,2.5,10,13.490217208862305,2.715855121612549,1.381054162979126,0.0,0.9842109680175781
29,12.0,3.0,1,11.602643013000488,3.048757314682007,0.5363806486129761,0.0,1.120492935180664
29,12.0,3.0,2,11.433938026428223,3.312852382659912,0.7409475445747375,5025.6410000000005,4.196802139282227
29,12.0,3.0,3,13.181862831115723,3.0408449172973633,0.8572660684585571,0.0,3.026081085205078
29,12.0,3.0,4,13.490217208862305,2.715855121612549,0.9304008483886719,0.0,9.912555694580078
29,12.0,3.0,5,10.698713302612305,3.3284213542938232,0.9464832544326782,897.4360000000004,2.3310279846191406
29,12.0,3.0,6,14.100460052490234,2.4432027339935303,1.2102622985839844,0.0,10.205345153808594
29,12.0,3.0,7,10.467236518859863,3.550112009048462,1.2440706491470337,897.4360000000004,1.0206165313720703
29,12.0,3.0,8,13.789267539978027,2.2799973487854004,1.329482078552246,0.0,6.863285064697266
29,12.0,3.0,9,13.341568946838379,3.4235587120056152,1.3828096389770508,0.0,2.5115232467651367
29,12.0,3.0,10,13.89482307434082,3.326040506362915,1.4312703609466553,0.0,1.8122444152832031
30,12.0,3.5,1,11.867725372314453,3.778554916381836,0.30021923780441284,4307.691999999999,0.8684892654418945
30,12.0,3.5,2,12.420328140258789,3.639885902404785,0.38380807638168335,5205.128000000001,1.1877355575561523
30,12.0,3.5,3,13.113875389099121,3.512557029724121,0.5971812009811401,5205.128000000001,0.8573293685913086
30,12.0,3.5,4,13.78320026397705,3.9497766494750977,0.8513792157173157,2871.7949999999996,1.2759065628051758
30,12.0,3.5,5,9.976305961608887,3.868565559387207,0.9358776211738586,4307.691999999999,6.023695945739746
30,12.0,3.5,6,10.248148918151855,3.676482677459717,0.9399104118347168,4307.691999999999,4.9500532150268555
30,12.0,3.5,7,13.89482307434082,3.326040506362915,1.009964942932129,5205.128000000001,6.804688453674316
30,12.0,3.5,8,11.433938026428223,3.312852382659912,1.034233808517456,179.48699999999997,0.7956418991088867
30,12.0,3.5,9,14.705958366394043,3.6402552127838135,1.1979900598526,5205.128000000001,6.0181474685668945
30,12.0,3.5,10,13.181862831115723,3.0408449172973633,1.2496246099472046,5205.128000000001,8.018525123596191
31,12.0,4.0,1,11.867725372314453,3.778554916381836,0.36287328600883484,1435.8970000000002,0.7086477279663086
31,12.0,4.0,2,12.521220207214355,3.9012372493743896,0.38899683952331543,0.0,1.0374317169189453
31,12.0,4.0,3,13.78320026397705,3.9497766494750977,0.7393619418144226,0.0,1.1160650253295898
31,12.0,4.0,4,13.113875389099121,3.512557029724121,0.7675969004631042,2333.3330000000005,1.0171709060668945
31,12.0,4.0,5,9.976305961608887,3.868565559387207,0.9153746366500854,1435.8970000000002,6.183537483215332
31,12.0,4.0,6,10.248148918151855,3.676482677459717,1.028667688369751,1435.8970000000002,5.109894752502441
31,12.0,4.0,7,13.89482307434082,3.326040506362915,1.1465015411376953,2333.3330000000005,6.964529991149902
31,12.0,4.0,8,14.705958366394043,3.6402552127838135,1.1852619647979736,2333.3330000000005,6.1779890060424805
31,12.0,4.0,9,11.433938026428223,3.312852382659912,1.343679666519165,2692.3079999999995,0.9554834365844727
31,12.0,4.0,10,15.086280822753906,3.651463270187378,1.3907808065414429,2333.3330000000005,9.245217323303223
32,13.0,0.5,1,13.373682022094727,0.6801756024360657,0.7086504697799683,358.97399999999993,1.3403987884521484
32,13.0,0.5,2,13.739316940307617,0.5243324637413025,1.2530463933944702,358.97399999999993,5.94566535949707
32,13.0,0.5,3,13.986385345458984,0.8971573114395142,1.313015103340149,358.97399999999993,0.28395843505859375
32,13.0,0.5,4,11.996320724487305,0.6100021600723267,1.4652025699615479,0.0,0.6981182098388672
32,13.0,0.5,5,14.300178527832031,0.6291043162345886,1.8327150344848633,358.97399999999993,4.599481582641602
32,13.0,0.5,6,13.198051452636719,1.152995228767395,1.9429643154144287,0.0,0.7552280426025391
32,13.0,0.5,7,14.664580345153809,0.7694296836853027,1.9923778772354126,358.97399999999993,0.8065700531005859
32,13.0,0.5,8,11.247475624084473,0.8160141706466675,2.080143928527832,0.0,0.5840473175048828
32,13.0,0.5,9,13.808919906616211,1.3007935285568237,2.4144062995910645,1076.9229999999998,0.08267021179199219
32,13.0,0.5,10,14.832056999206543,1.11028254032135,2.4692749977111816,1076.9229999999998,2.831541061401367
33,13.0,1.0,1,13.198051452636719,1.152995228767395,0.6943708658218384,0.0,0.5215187072753906
33,13.0,1.0,2,12.96141529083252,1.3812379837036133,1.0440919399261475,0.0,0.42222023010253906
33,13.0,1.0,3,12.6485595703125,1.2977731227874756,1.0508530139923096,0.0,2.8867645263671875
33,13.0,1.0,4,13.808919906616211,1.3007935285568237,1.1140590906143188,1076.9229999999998,0.3163795471191406
33,13.0,1.0,5,11.93089485168457,0.885181725025177,1.174525260925293,0.0,2.8260650634765625
33,13.0,1.0,6,13.986385345458984,0.8971573114395142,1.5067284107208252,358.97399999999993,0.5176677703857422
33,13.0,1.0,7,11.247475624084473,0.8160141706466675,1.612410545349121,0.0,0.3503379821777344
33,13.0,1.0,8,12.95036506652832,1.722233533859253,1.7520736455917358,1974.3589999999997,2.6760787963867188
33,13.0,1.0,9,13.373682022094727,0.6801756024360657,1.7569468021392822,358.97399999999993,1.106689453125
33,13.0,1.0,10,11.487858772277832,1.402795672416687,1.9466075897216797,0.0,6.410648345947266
34,13.0,1.5,1,12.96141529083252,1.3812379837036133,0.7737333178520203,0.0,4.199934005737305
34,13.0,1.5,2,12.95036506652832,1.722233533859253,0.8335601687431335,1974.3589999999997,1.1016349792480469
34,13.0,1.5,3,13.808919906616211,1.3007935285568237,0.9617603421211243,1076.9229999999998,3.461334228515625
34,13.0,1.5,4,12.6485595703125,1.2977731227874756,0.9739006161689758,0.0,6.664478302001953
34,13.0,1.5,5,13.198051452636719,1.152995228767395,1.1030597686767578,0.0,4.299232482910156
34,13.0,1.5,6,12.109417915344238,1.787240982055664,1.3361533880233765,0.0,4.165576934814453
34,13.0,1.5,7,13.860359191894531,1.9609384536743164,1.504067063331604,1076.9229999999998,0.6438732147216797
34,13.0,1.5,8,14.832056999206543,1.11028254032135,1.5252797603607178,1076.9229999999998,0.71246337890625
34,13.0,1.5,9,14.473864555358887,1.7727036476135254,1.5318858623504639,1076.9229999999998,2.8038177490234375
34,13.0,1.5,10,14.855951309204102,1.6002459526062012,1.6202077865600586,1076.9229999999998,3.212350845336914
35,13.0,2.0,1,11.493688583374023,2.6334750652313232,0.8583146333694458,897.4359999999999,0.7256622314453125
35,13.0,2.0,2,13.860359191894531,1.9609384536743164,0.9487884640693665,1974.3589999999997,4.331491470336914
35,13.0,2.0,3,11.854026794433594,2.375211477279663,0.9632487297058105,4128.205,0.14647674560546875
35,13.0,2.0,4,11.170792579650879,2.7130703926086426,1.0233203172683716,897.4359999999999,0.43933868408203125
35,13.0,2.0,5,11.436910629272461,2.315767288208008,1.028281807899475,4128.205,0.20836639404296875
35,13.0,2.0,6,13.160544395446777,2.2593765258789062,1.0456188917160034,4128.205,1.0444927215576172
35,13.0,2.0,7,13.789267539978027,2.2799973487854004,1.269802451133728,4128.205,1.7550201416015625
35,13.0,2.0,8,10.454599380493164,2.7169132232666016,1.3139777183532715,897.4359999999999,0.967803955078125
35,13.0,2.0,9,14.473864555358887,1.7727036476135254,1.3246746063232422,1974.3589999999997,2.1715469360351562
35,13.0,2.0,10,12.95036506652832,1.722233533859253,1.4022077322006226,1076.9229999999998,3.873729705810547
36,13.0,2.5,1,13.789267539978027,2.2799973487854004,0.6744669079780579,0.0,2.272340774536133
36,13.0,2.5,2,13.160544395446777,2.2593765258789062,0.7838232517242432,0.0,2.982868194580078
36,13.0,2.5,3,11.601466178894043,2.8099441528320312,0.7933639287948608,5025.6410000000005,7.040910720825195
36,13.0,2.5,4,14.100460052490234,2.4432027339935303,0.8708504438400269,0.0,1.0697193145751953
36,13.0,2.5,5,13.490217208862305,2.715855121612549,1.0602718591690063,0.0,0.7769298553466797
36,13.0,2.5,6,11.170792579650879,2.7130703926086426,1.07607102394104,5025.6410000000005,4.466699600219727
36,13.0,2.5,7,13.860359191894531,1.9609384536743164,1.202075719833374,2153.8460000000005,8.35885238647461
36,13.0,2.5,8,11.854026794433594,2.375211477279663,1.248184084892273,0.0,3.8808841705322266
36,13.0,2.5,9,11.329833030700684,2.38769793510437,1.3271528482437134,0.0,3.8991336822509766
36,13.0,2.5,10,14.473864555358887,1.7727036476135254,1.486127257347107,2153.8460000000005,6.198907852172852
37,13.0,3.0,1,13.181862831115723,3.0408449172973633,0.4591151773929596,0.0,0.05341529846191406
37,13.0,3.0,2,13.490217208862305,2.715855121612549,0.8300868272781372,0.0,6.833059310913086
37,13.0,3.0,3,11.433938026428223,3.312852382659912,0.9661771655082703,5025.6410000000005,7.276298522949219
37,13.0,3.0,4,13.89482307434082,3.326040506362915,1.0171798467636108,0.0,1.267251968383789
37,13.0,3.0,5,13.341568946838379,3.4235587120056152,1.0386704206466675,0.0,5.591019630432129
37,13.0,3.0,6,14.654858589172363,2.7581048011779785,1.0449774265289307,0.0,10.557209014892578
37,13.0,3.0,7,11.602643013000488,3.048757314682007,1.0755772590637207,0.0,4.199989318847656
37,13.0,3.0,8,14.100460052490234,2.4432027339935303,1.1721301078796387,0.0,7.125848770141602
37,13.0,3.0,9,12.455559730529785,3.6239564418792725,1.211111068725586,0.0,9.087357521057129
37,13.0,3.0,10,15.177958488464355,2.8714752197265625,1.2712938785552979,0.0,8.871339797973633
38,13.0,3.5,1,12.455559730529785,3.6239564418792725,0.3864065706729889,5205.128000000001,1.087296485900879
38,13.0,3.5,2,13.113875389099121,3.512557029724121,0.3918527066707611,5205.128000000001,0.7854499816894531
38,13.0,3.5,3,11.867725372314453,3.778554916381836,0.5411738157272339,4307.691999999999,0.94036865234375
38,13.0,3.5,4,13.89482307434082,3.326040506362915,0.726629912853241,5205.128000000001,6.732809066772461
38,13.0,3.5,5,13.78320026397705,3.9497766494750977,0.7634439468383789,2871.7949999999996,1.3477859497070312
38,13.0,3.5,6,14.705958366394043,3.6402552127838135,0.8706545829772949,5205.128000000001,5.946268081665039
38,13.0,3.5,7,13.181862831115723,3.0408449172973633,1.056682825088501,5205.128000000001,7.946645736694336
38,13.0,3.5,8,11.433938026428223,3.312852382659912,1.0643396377563477,179.48699999999997,0.7237625122070312
38,13.0,3.5,9,14.836849212646484,3.3602776527404785,1.105409860610962,5205.128000000001,13.838647842407227
38,13.0,3.5,10,15.086280822753906,3.651463270187378,1.1079180240631104,5205.128000000001,9.013496398925781
39,13.0,4.0,1,12.521220207214355,3.9012372493743896,0.2906430661678314,0.0,0.2571544647216797
39,13.0,4.0,2,11.867725372314453,3.778554916381836,0.4219047427177429,1435.8970000000002,0.07162952423095703
39,13.0,4.0,3,13.78320026397705,3.9497766494750977,0.4499795436859131,0.0,0.3357877731323242
39,13.0,4.0,4,13.113875389099121,3.512557029724121,0.6514838337898254,2333.3330000000005,1.7974481582641602
39,13.0,4.0,5,14.705958366394043,3.6402552127838135,0.9671725034713745,2333.3330000000005,6.958266258239746
39,13.0,4.0,6,13.89482307434082,3.326040506362915,1.0409623384475708,2333.3330000000005,7.744807243347168
39,13.0,4.0,7,9.976305961608887,3.868565559387207,1.1248871088027954,1435.8970000000002,6.963814735412598
39,13.0,4.0,8,15.086280822753906,3.651463270187378,1.157296895980835,2333.3330000000005,10.025494575500488
39,13.0,4.0,9,10.248148918151855,3.676482677459717,1.2192004919052124,1435.8970000000002,5.890172004699707
39,13.0,4.0,10,14.836849212646484,3.3602776527404785,1.3599867820739746,2333.3330000000005,14.850646018981934
40,14.0,0.5,1,13.739316940307617,0.5243324637413025,0.8416544198989868,0.0,5.394775390625
40,14.0,0.5,2,14.300178527832031,0.6291043162345886,0.9688831567764282,0.0,6.740959167480469
40,14.0,0.5,3,13.373682022094727,0.6801756024360657,1.3389742374420166,0.0,10.000041961669922
40,14.0,0.5,4,13.986385345458984,0.8971573114395142,1.4990386962890625,0.0,11.624399185180664
40,14.0,0.5,5,14.664580345153809,0.7694296836853027,1.5078835487365723,0.0,12.147010803222656
40,14.0,0.5,6,13.198051452636719,1.152995228767395,2.738312244415283,358.97399999999993,10.585212707519531
40,14.0,0.5,7,11.996320724487305,0.6100021600723267,2.7826735973358154,358.97399999999993,12.038558959960938
40,14.0,0.5,8,14.832056999206543,1.11028254032135,2.8566417694091797,1435.8969999999997,14.171981811523438
40,14.0,0.5,9,13.808919906616211,1.3007935285568237,2.995304822921753,1435.8969999999997,11.423110961914062
40,14.0,0.5,10,11.247475624084473,0.8160141706466675,3.2409520149230957,358.97399999999993,10.756393432617188
41,14.0,1.0,1,13.198051452636719,1.152995228767395,0.8237768411636353,1076.9229999999998,0.9947948455810547
41,14.0,1.0,2,13.808919906616211,1.3007935285568237,0.8955785632133484,0.0,0.15689659118652344
41,14.0,1.0,3,13.986385345458984,0.8971573114395142,0.9535333514213562,1435.8969999999997,0.044391632080078125
41,14.0,1.0,4,12.96141529083252,1.3812379837036133,1.292514443397522,1076.9229999999998,0.8954963684082031
41,14.0,1.0,5,12.6485595703125,1.2977731227874756,1.4006677865982056,1076.9229999999998,3.3600406646728516
41,14.0,1.0,6,14.832056999206543,1.11028254032135,1.4047931432724,0.0,2.5919742584228516
41,14.0,1.0,7,13.373682022094727,0.6801756024360657,1.4808496236801147,1435.8969999999997,1.579965591430664
41,14.0,1.0,8,11.93089485168457,0.885181725025177,1.497528314590454,1076.9229999999998,3.2993412017822266
41,14.0,1.0,9,12.95036506652832,1.722233533859253,1.818613052368164,3051.2819999999997,2.2028026580810547
41,14.0,1.0,10,14.664580345153809,0.7694296836853027,1.848833441734314,1435.8969999999997,0.5670032501220703
42,14.0,1.5,1,13.808919906616211,1.3007935285568237,0.785416305065155,0.0,0.022420883178710938
42,14.0,1.5,2,12.96141529083252,1.3812379837036133,0.9471065402030945,1076.9229999999998,0.7161788940429688
42,14.0,1.5,3,12.95036506652832,1.722233533859253,1.080310344696045,3051.2819999999997,2.382120132446289
42,14.0,1.5,4,14.473864555358887,1.7727036476135254,1.1515333652496338,0.0,0.6799373626708984
42,14.0,1.5,5,14.855951309204102,1.6002459526062012,1.205115556716919,0.0,0.2714042663574219
42,14.0,1.5,6,13.198051452636719,1.152995228767395,1.2185113430023193,1076.9229999999998,0.8154773712158203
42,14.0,1.5,7,12.6485595703125,1.2977731227874756,1.2721068859100342,1076.9229999999998,3.180723190307617
42,14.0,1.5,8,15.167737007141113,1.6866042613983154,1.291980504989624,0.0,0.46584129333496094
42,14.0,1.5,9,13.860359191894531,1.9609384536743164,1.3526899814605713,0.0,2.8398818969726562
42,14.0,1.5,10,15.467178344726562,1.631210207939148,1.4052966833114624,0.0,0.5672245025634766
43,14.0,2.0,1,13.860359191894531,1.9609384536743164,0.6920336484909058,0.0,0.7165946960449219
43,14.0,2.0,2,15.281407356262207,1.9948772192001343,0.8524459004402161,0.0,0.43400001525878906
43,14.0,2.0,3,14.473864555358887,1.7727036476135254,0.8869697451591492,0.0,1.443349838256836
43,14.0,2.0,4,13.789267539978027,2.2799973487854004,1.0178245306015015,2153.8460000000005,5.369916915893555
43,14.0,2.0,5,15.167737007141113,1.6866042613983154,1.0427839756011963,0.0,1.6574459075927734
43,14.0,2.0,6,12.95036506652832,1.722233533859253,1.1098846197128296,3051.2819999999997,0.2588329315185547
43,14.0,2.0,7,14.855951309204102,1.6002459526062012,1.163909673690796,0.0,1.8518829345703125
43,14.0,2.0,8,15.467178344726562,1.631210207939148,1.1687637567520142,0.0,1.5560626983642578
43,14.0,2.0,9,13.160544395446777,2.2593765258789062,1.2381693124771118,2153.8460000000005,4.659389495849609
43,14.0,2.0,10,15.904827117919922,1.6937322616577148,1.2787939310073853,0.0,1.3778438568115234
44,14.0,2.5,1,14.100460052490234,2.4432027339935303,0.5626620650291443,0.0,0.6248855590820312
44,14.0,2.5,2,13.490217208862305,2.715855121612549,0.8161932826042175,0.0,0.3320960998535156
44,14.0,2.5,3,13.789267539978027,2.2799973487854004,0.9302650690078735,0.0,2.717174530029297
44,14.0,2.5,4,14.654858589172363,2.7581048011779785,1.1298224925994873,0.0,4.056245803833008
44,14.0,2.5,5,15.629899978637695,2.7173540592193604,1.2599551677703857,0.0,4.443428039550781
44,14.0,2.5,6,15.177958488464355,2.8714752197265625,1.3550735712051392,0.0,2.3703765869140625
44,14.0,2.5,7,13.181862831115723,3.0408449172973633,1.3722070455551147,0.0,6.554378509521484
44,14.0,2.5,8,13.160544395446777,2.2593765258789062,1.408273458480835,0.0,3.427701950073242
44,14.0,2.5,9,15.281407356262207,1.9948772192001343,1.4669941663742065,2153.8460000000005,7.6530914306640625
44,14.0,2.5,10,16.097702026367188,2.3537769317626953,1.638953447341919,2153.8460000000005,10.166919708251953
45,14.0,3.0,1,14.654858589172363,2.7581048011779785,0.5571536421775818,0.0,3.6660938262939453
45,14.0,3.0,2,13.490217208862305,2.715855121612549,0.6490085124969482,0.0,0.058055877685546875
45,14.0,3.0,3,15.177958488464355,2.8714752197265625,0.6887692213058472,0.0,1.980224609375
45,14.0,3.0,4,13.181862831115723,3.0408449172973633,0.7455741167068481,0.0,6.944530487060547
45,14.0,3.0,5,14.100460052490234,2.4432027339935303,0.8743668794631958,0.0,0.23473358154296875
45,14.0,3.0,6,13.89482307434082,3.326040506362915,0.9796677827835083,0.0,8.158367156982422
45,14.0,3.0,7,15.629899978637695,2.7173540592193604,0.9835962057113647,0.0,4.833580017089844
45,14.0,3.0,8,15.92940902709961,3.1444289684295654,1.1120697259902954,0.0,0.9610538482666016
45,14.0,3.0,9,14.836849212646484,3.3602776527404785,1.1213276386260986,0.0,1.0525283813476562
45,14.0,3.0,10,13.341568946838379,3.4235587120056152,1.1343467235565186,0.0,12.482134819030762
46,14.0,3.5,1,13.341568946838379,3.4235587120056152,0.4509367346763611,0.0,0.6458969116210938
46,14.0,3.5,2,14.705958366394043,3.6402552127838135,0.5035868883132935,0.0,4.183123588562012
46,14.0,3.5,3,13.89482307434082,3.326040506362915,0.5388290286064148,0.0,4.969664573669434
46,14.0,3.5,4,13.78320026397705,3.9497766494750977,0.5891083478927612,2333.3330000000005,3.1109304428100586
46,14.0,3.5,5,12.455559730529785,3.6239564418792725,0.6268973350524902,0.0,2.8504409790039062
46,14.0,3.5,6,15.086280822753906,3.651463270187378,0.7351729273796082,0.0,7.250351905822754
46,14.0,3.5,7,14.836849212646484,3.3602776527404785,0.7615283727645874,0.0,12.0755033493042
46,14.0,3.5,8,11.867725372314453,3.778554916381836,0.8124153017997742,897.4360000000004,2.7035131454467773
46,14.0,3.5,9,15.659541130065918,3.753941774368286,1.0762239694595337,0.0,9.734572410583496
46,14.0,3.5,10,13.181862831115723,3.0408449172973633,1.136985182762146,0.0,6.183501243591309
47,14.0,4.0,1,13.78320026397705,3.9497766494750977,0.416655957698822,2333.3330000000005,0.5647211074829102
47,14.0,4.0,2,12.521220207214355,3.9012372493743896,0.6953712701797485,2333.3330000000005,0.4860877990722656
47,14.0,4.0,3,14.705958366394043,3.6402552127838135,0.6975131630897522,0.0,6.72933292388916
47,14.0,4.0,4,13.113875389099121,3.512557029724121,0.7464308738708496,0.0,1.5685148239135742
47,14.0,4.0,5,11.867725372314453,3.778554916381836,0.8317141532897949,897.4360000000004,0.1573038101196289
47,14.0,4.0,6,15.086280822753906,3.651463270187378,0.9227529764175415,0.0,9.796561241149902
47,14.0,4.0,7,13.89482307434082,3.326040506362915,0.9454349279403687,0.0,7.515873908996582
47,14.0,4.0,8,14.836849212646484,3.3602776527404785,1.1551752090454102,0.0,14.621712684631348
47,14.0,4.0,9,15.659541130065918,3.753941774368286,1.2179511785507202,0.0,12.280781745910645
47,14.0,4.0,10,15.92940902709961,3.1444289684295654,1.5115931034088135,0.0,14.713187217712402
48,15.0,0.5,1,14.300178527832031,0.6291043162345886,1.661773920059204,717.949,1.1763534545898438
48,15.0,0.5,2,14.664580345153809,0.7694296836853027,1.6638771295547485,717.949,4.229698181152344
48,15.0,0.5,3,13.739316940307617,0.5243324637413025,2.1823973655700684,717.949,2.5225372314453125
48,15.0,0.5,4,13.986385345458984,0.8971573114395142,2.4698281288146973,717.949,3.7070865631103516
48,15.0,0.5,5,13.373682022094727,0.6801756024360657,2.7398452758789062,717.949,2.0827293395996094
48,15.0,0.5,6,14.832056999206543,1.11028254032135,3.027921676635742,2153.8459999999995,6.254669189453125
48,15.0,0.5,7,16.5159912109375,1.0071320533752441,3.306743621826172,717.949,6.341146469116211
48,15.0,0.5,8,15.41757583618164,1.1528147459030151,3.3215091228485107,717.949,5.568521499633789
48,15.0,0.5,9,13.198051452636719,1.152995228767395,3.5010247230529785,1076.9229999999998,2.6679000854492188
48,15.0,0.5,10,13.808919906616211,1.3007935285568237,3.5739943981170654,2153.8459999999995,3.50579833984375
49,15.0,1.0,1,14.832056999206543,1.11028254032135,0.7672485113143921,3051.2819999999997,1.6089057922363281
49,15.0,1.0,2,15.41757583618164,1.1528147459030151,0.8611427545547485,179.48699999999997,2.295053482055664
49,15.0,1.0,3,16.759279251098633,1.064274549484253,1.1937748193740845,179.48699999999997,0.4055519104003906
49,15.0,1.0,4,16.3749942779541,1.3471934795379639,1.249070405960083,3051.2819999999997,2.2567272186279297
49,15.0,1.0,5,15.467178344726562,1.631210207939148,1.4699304103851318,3051.2819999999997,3.8129730224609375
49,15.0,1.0,6,14.855951309204102,1.6002459526062012,1.4982037544250488,3051.2819999999997,4.108793258666992
49,15.0,1.0,7,15.167737007141113,1.6866042613983154,1.533142328262329,3051.2819999999997,3.914356231689453
49,15.0,1.0,8,15.904827117919922,1.6937322616577148,1.63348388671875,3051.2819999999997,3.634754180908203
49,15.0,1.0,9,13.808919906616211,1.3007935285568237,1.6553585529327393,3051.2819999999997,4.357776641845703
49,15.0,1.0,10,14.473864555358887,1.7727036476135254,1.7218959331512451,3051.2819999999997,3.7002601623535156
50,15.0,1.5,1,15.201062202453613,1.3384666442871094,0.7826558351516724,0.0,4.0133209228515625
50,15.0,1.5,2,15.523691177368164,1.29273521900177,0.8018226623535156,0.0,4.702400207519531
50,15.0,1.5,3,15.467178344726562,1.631210207939148,0.8454400300979614,0.0,3.1961288452148438
50,15.0,1.5,4,15.167737007141113,1.6866042613983154,0.8857071995735168,0.0,3.094745635986328
50,15.0,1.5,5,14.855951309204102,1.6002459526062012,0.892556369304657,0.0,2.900308609008789
50,15.0,1.5,6,16.3749942779541,1.3471934795379639,0.9968125224113464,0.0,4.752374649047852
50,15.0,1.5,7,14.832056999206543,1.11028254032135,1.0404603481292725,0.0,5.400196075439453
50,15.0,1.5,8,15.904827117919922,1.6937322616577148,1.0547717809677124,0.0,3.374347686767578
50,15.0,1.5,9,14.473864555358887,1.7727036476135254,1.12051260471344,0.0,3.3088417053222656
50,15.0,1.5,10,13.808919906616211,1.3007935285568237,1.3207252025604248,0.0,2.651325225830078
51,15.0,2.0,1,15.281407356262207,1.9948772192001343,0.9134563207626343,0.0,3.864492416381836
51,15.0,2.0,2,16.097702026367188,2.3537769317626953,1.059593915939331,0.0,1.3506641387939453
51,15.0,2.0,3,14.100460052490234,2.4432027339935303,1.1947895288467407,2153.8460000000005,12.14246940612793
51,15.0,2.0,4,16.605714797973633,2.7274365425109863,1.4036096334457397,2153.8460000000005,0.2768440246582031
51,15.0,2.0,5,13.181862831115723,3.0408449172973633,1.4193394184112549,2153.8460000000005,4.963205337524414
51,15.0,2.0,6,16.895095825195312,2.5681252479553223,1.4227319955825806,0.0,0.05503082275390625
51,15.0,2.0,7,15.629899978637695,2.7173540592193604,1.4237085580825806,2153.8460000000005,7.074155807495117
51,15.0,2.0,8,13.490217208862305,2.715855121612549,1.4272485971450806,2153.8460000000005,11.849679946899414
51,15.0,2.0,9,13.789267539978027,2.2799973487854004,1.4676021337509155,2153.8460000000005,8.800409317016602
51,15.0,2.0,10,15.167737007141113,1.6866042613983154,1.475379228591919,0.0,5.08793830871582
52,15.0,2.5,1,15.629899978637695,2.7173540592193604,0.829547107219696,0.0,2.311290740966797
52,15.0,2.5,2,14.100460052490234,2.4432027339935303,0.8951584100723267,0.0,7.379604339599609
52,15.0,2.5,3,14.654858589172363,2.7581048011779785,0.9328397512435913,0.0,10.810964584350586
52,15.0,2.5,4,16.097702026367188,2.3537769317626953,0.9843589663505554,2153.8460000000005,3.412200927734375
52,15.0,2.5,5,13.181862831115723,3.0408449172973633,0.9928539395332336,0.0,0.20034027099609375
52,15.0,2.5,6,15.281407356262207,1.9948772192001343,1.0881597995758057,2153.8460000000005,0.8983726501464844
52,15.0,2.5,7,16.605714797973633,2.7274365425109863,1.1062092781066895,0.0,5.039709091186523
52,15.0,2.5,8,13.490217208862305,2.715855121612549,1.1245298385620117,0.0,7.086814880371094
52,15.0,2.5,9,15.177958488464355,2.8714752197265625,1.1480984687805176,0.0,9.12509536743164
52,15.0,2.5,10,13.789267539978027,2.2799973487854004,1.2237778902053833,0.0,4.037544250488281
53,15.0,3.0,1,14.654858589172363,2.7581048011779785,0.7112962603569031,0.0,3.6652088165283203
53,15.0,3.0,2,15.177958488464355,2.8714752197265625,0.7604190111160278,0.0,5.351078033447266
53,15.0,3.0,3,13.89482307434082,3.326040506362915,1.0557793378829956,0.0,15.489669799804688
53,15.0,3.0,4,14.836849212646484,3.3602776527404785,1.0966460704803467,0.0,8.383831024169922
53,15.0,3.0,5,15.629899978637695,2.7173540592193604,1.1367332935333252,0.0,12.16488265991211
53,15.0,3.0,6,13.181862831115723,3.0408449172973633,1.1693916320800781,0.0,14.275833129882812
53,15.0,3.0,7,15.92940902709961,3.1444289684295654,1.1836578845977783,0.0,8.292356491088867
53,15.0,3.0,8,13.341568946838379,3.4235587120056152,1.2366377115249634,0.0,19.813438415527344
53,15.0,3.0,9,13.490217208862305,2.715855121612549,1.2544399499893188,0.0,7.3893585205078125
53,15.0,3.0,10,14.705958366394043,3.6402552127838135,1.4179859161376953,0.0,16.27621078491211
54,15.0,3.5,1,15.086280822753906,3.651463270187378,0.3196868300437927,0.0,1.8465213775634766
54,15.0,3.5,2,14.705958366394043,3.6402552127838135,0.38220182061195374,0.0,1.2207069396972656
54,15.0,3.5,3,14.836849212646484,3.3602776527404785,0.5176055431365967,0.0,6.671672821044922
54,15.0,3.5,4,15.659541130065918,3.753941774368286,0.6172046065330505,0.0,4.330741882324219
54,15.0,3.5,5,13.89482307434082,3.326040506362915,0.6882348656654358,0.0,0.43416595458984375
54,15.0,3.5,6,15.92940902709961,3.1444289684295654,0.7998292446136475,0.0,6.763147354125977
54,15.0,3.5,7,13.341568946838379,3.4235587120056152,0.9321452975273132,0.0,4.757933616638184
54,15.0,3.5,8,16.756677627563477,3.6789305210113525,1.0146795511245728,0.0,5.040122985839844
54,15.0,3.5,9,15.17016315460205,2.9182820320129395,1.0594961643218994,0.0,10.375871658325195
54,15.0,3.5,10,13.78320026397705,3.9497766494750977,1.0847618579864502,2333.3330000000005,8.514760971069336
55,15.0,4.0,1,14.705958366394043,3.6402552127838135,0.5831058621406555,0.0,4.433606147766113
55,15.0,4.0,2,13.78320026397705,3.9497766494750977,0.6814053058624268,2333.3330000000005,2.860447883605957
55,15.0,4.0,3,15.086280822753906,3.651463270187378,0.7093296051025391,0.0,7.5008344650268555
55,15.0,4.0,4,15.659541130065918,3.753941774368286,0.9197524785995483,0.0,9.985054969787598
55,15.0,4.0,5,12.521220207214355,3.9012372493743896,0.934893012046814,2333.3330000000005,2.7818145751953125
55,15.0,4.0,6,13.113875389099121,3.512557029724121,0.958160400390625,0.0,0.7272119522094727
55,15.0,4.0,7,14.836849212646484,3.3602776527404785,1.0599396228790283,0.0,12.3259859085083
55,15.0,4.0,8,13.89482307434082,3.326040506362915,1.0833569765090942,0.0,5.220147132873535
55,15.0,4.0,9,11.867725372314453,3.778554916381836,1.1073369979858398,897.4360000000004,2.453030586242676
55,15.0,4.0,10,15.92940902709961,3.1444289684295654,1.3940393924713135,0.0,12.417460441589355
56,16.0,0.5,1,16.5159912109375,1.0071320533752441,2.766660690307617,1076.9229999999998,9.898298263549805
56,16.0,0.5,2,14.664580345153809,0.7694296836853027,3.11736798286438,358.975,7.7868499755859375
56,16.0,0.5,3,15.41757583618164,1.1528147459030151,3.122270107269287,1076.9229999999998,9.125673294067383
56,16.0,0.5,4,14.832056999206543,1.11028254032135,3.257758378982544,1794.8719999999998,9.811820983886719
56,16.0,0.5,5,16.3749942779541,1.3471934795379639,3.4681708812713623,1794.8719999999998,9.163999557495117
56,16.0,0.5,6,14.300178527832031,0.6291043162345886,3.7983558177948,358.975,2.38079833984375
56,16.0,0.5,7,15.467178344726562,1.631210207939148,3.9364516735076904,1794.8719999999998,7.607753753662109
56,16.0,0.5,8,15.904827117919922,1.6937322616577148,3.956972599029541,1794.8719999999998,7.785972595214844
56,16.0,0.5,9,16.591083526611328,1.6816531419754028,4.012307643890381,1794.8719999999998,8.060493469238281
56,16.0,0.5,10,14.855951309204102,1.6002459526062012,4.036989212036133,1794.8719999999998,7.311933517456055
57,16.0,1.0,1,15.41757583618164,1.1528147459030151,0.8979811668395996,0.0,4.227651596069336
57,16.0,1.0,2,16.5159912109375,1.0071320533752441,0.9690574407577515,0.0,5.000276565551758
57,16.0,1.0,3,14.832056999206543,1.11028254032135,1.2576110363006592,2871.7949999999996,4.913799285888672
57,16.0,1.0,4,16.3749942779541,1.3471934795379639,1.5223842859268188,2871.7949999999996,4.26597785949707
57,16.0,1.0,5,15.467178344726562,1.631210207939148,1.8859260082244873,2871.7949999999996,2.7097320556640625
57,16.0,1.0,6,14.855951309204102,1.6002459526062012,1.9090629816055298,2871.7949999999996,2.413911819458008
57,16.0,1.0,7,15.167737007141113,1.6866042613983154,2.0191807746887207,2871.7949999999996,2.608348846435547
57,16.0,1.0,8,15.904827117919922,1.6937322616577148,2.0678088665008545,2871.7949999999996,2.887950897216797
57,16.0,1.0,9,16.591083526611328,1.6816531419754028,2.1777327060699463,2871.7949999999996,3.1624717712402344
57,16.0,1.0,10,11.329833030700684,2.38769793510437,2.2096877098083496,5025.6410000000005,0.5226707458496094
58,16.0,1.5,1,16.3749942779541,1.3471934795379639,0.5982261896133423,0.0,1.8752613067626953
58,16.0,1.5,2,15.467178344726562,1.631210207939148,0.6312994956970215,0.0,0.3190155029296875
58,16.0,1.5,3,15.523691177368164,1.29273521900177,0.6579657793045044,0.0,1.825286865234375
58,16.0,1.5,4,15.201062202453613,1.3384666442871094,0.684630811214447,0.0,1.1362075805664062
58,16.0,1.5,5,15.167737007141113,1.6866042613983154,0.745764970779419,0.0,0.21763229370117188
58,16.0,1.5,6,14.855951309204102,1.6002459526062012,0.786399245262146,0.0,0.023195266723632812
58,16.0,1.5,7,15.904827117919922,1.6937322616577148,0.8155801892280579,0.0,0.4972343444824219
58,16.0,1.5,8,16.591083526611328,1.6816531419754028,1.0318361520767212,0.0,0.7717552185058594
58,16.0,1.5,9,14.473864555358887,1.7727036476135254,1.0962698459625244,0.0,0.4317283630371094
58,16.0,1.5,10,16.759279251098633,1.064274549484253,1.1433112621307373,2871.7949999999996,3.7264366149902344
59,16.0,2.0,1,15.281407356262207,1.9948772192001343,0.6159361600875854,0.0,0.2688140869140625
59,16.0,2.0,2,16.158618927001953,2.2130846977233887,0.6293229460716248,0.0,1.5729408264160156
59,16.0,2.0,3,15.904827117919922,1.6937322616577148,0.9681312441825867,0.0,0.6750297546386719
59,16.0,2.0,4,16.591083526611328,1.6816531419754028,1.0948635339736938,0.0,0.4005088806152344
59,16.0,2.0,5,16.895095825195312,2.5681252479553223,1.1265398263931274,0.0,4.078275680541992
59,16.0,2.0,6,15.167737007141113,1.6866042613983154,1.139796495437622,0.0,0.9546318054199219
59,16.0,2.0,7,15.467178344726562,1.631210207939148,1.1615731716156006,0.0,0.8532485961914062
59,16.0,2.0,8,16.27456283569336,1.5530741214752197,1.265927791595459,0.0,0.3305244445800781
59,16.0,2.0,9,14.473864555358887,1.7727036476135254,1.3855438232421875,0.0,0.7405357360839844
59,16.0,2.0,10,16.605714797973633,2.7274365425109863,1.3868685960769653,2153.8460000000005,4.410150527954102
60,16.0,2.5,1,16.605714797973633,2.7274365425109863,0.6592785716056824,0.0,1.013082504272461
60,16.0,2.5,2,16.097702026367188,2.3537769317626953,0.6872018575668335,2153.8460000000005,0.6144256591796875
60,16.0,2.5,3,15.629899978637695,2.7173540592193604,0.7498499751091003,0.0,6.337917327880859
60,16.0,2.5,4,16.895095825195312,2.5681252479553223,0.9154539108276367,2153.8460000000005,0.6812076568603516
60,16.0,2.5,5,15.177958488464355,2.8714752197265625,1.284530758857727,0.0,13.151721954345703
60,16.0,2.5,6,15.281407356262207,1.9948772192001343,1.3255075216293335,2153.8460000000005,3.128253936767578
60,16.0,2.5,7,14.654858589172363,2.7581048011779785,1.4161369800567627,0.0,14.837591171264648
60,16.0,2.5,8,15.92940902709961,3.1444289684295654,1.4495108127593994,0.0,10.210443496704102
60,16.0,2.5,9,14.100460052490234,2.4432027339935303,1.466895580291748,0.0,11.406230926513672
60,16.0,2.5,10,13.181862831115723,3.0408449172973633,1.4952194690704346,0.0,4.226966857910156
61,16.0,3.0,1,15.629899978637695,2.7173540592193604,0.5841024518013,0.0,0.30104827880859375
61,16.0,3.0,2,15.177958488464355,2.8714752197265625,0.7836331129074097,0.0,6.51275634765625
61,16.0,3.0,3,15.92940902709961,3.1444289684295654,0.8056617975234985,0.0,3.5714778900146484
61,16.0,3.0,4,14.836849212646484,3.3602776527404785,0.9481378793716431,0.0,3.4800033569335938
61,16.0,3.0,5,14.654858589172363,2.7581048011779785,0.9749928712844849,0.0,8.198625564575195
61,16.0,3.0,6,13.89482307434082,3.326040506362915,0.9922776222229004,0.0,3.625835418701172
61,16.0,3.0,7,16.605714797973633,2.7274365425109863,1.0310969352722168,0.0,7.652048110961914
61,16.0,3.0,8,15.086280822753906,3.651463270187378,1.035366415977478,0.0,1.3451480865478516
61,16.0,3.0,9,13.181862831115723,3.0408449172973633,1.1103429794311523,0.0,2.411998748779297
61,16.0,3.0,10,14.705958366394043,3.6402552127838135,1.1173217296600342,0.0,4.412376403808594
62,16.0,3.5,1,16.756677627563477,3.6789305210113525,0.6229662895202637,1435.8969999999997,0.7267475128173828
62,16.0,3.5,2,15.659541130065918,3.753941774368286,0.6508961915969849,1435.8969999999997,0.017366409301757812
62,16.0,3.5,3,15.086280822753906,3.651463270187378,0.8562270998954773,1435.8969999999997,2.4668540954589844
62,16.0,3.5,4,15.92940902709961,3.1444289684295654,0.9559804201126099,1435.8969999999997,2.4497718811035156
62,16.0,3.5,5,14.836849212646484,3.3602776527404785,1.0630881786346436,1435.8969999999997,2.358297348022461
62,16.0,3.5,6,14.705958366394043,3.6402552127838135,1.0928866863250732,1435.8969999999997,5.534082412719727
62,16.0,3.5,7,15.17016315460205,2.9182820320129395,1.4682056903839111,1435.8969999999997,6.062496185302734
62,16.0,3.5,8,13.89482307434082,3.326040506362915,1.5197526216506958,1435.8969999999997,4.747541427612305
62,16.0,3.5,9,15.629899978637695,2.7173540592193604,1.5756580829620361,1435.8969999999997,1.4227542877197266
62,16.0,3.5,10,16.605714797973633,2.7274365425109863,1.7527023553848267,1435.8969999999997,8.773754119873047
63,16.0,4.0,1,15.659541130065918,3.753941774368286,0.5525182485580444,0.0,2.055530548095703
63,16.0,4.0,2,16.725055694580078,3.8001840114593506,0.6838463544845581,0.0,3.658174514770508
63,16.0,4.0,3,15.086280822753906,3.651463270187378,0.730760395526886,0.0,0.42868995666503906
63,16.0,4.0,4,14.705958366394043,3.6402552127838135,0.9643077850341797,0.0,3.4959182739257812
63,16.0,4.0,5,14.836849212646484,3.3602776527404785,1.1016486883163452,0.0,4.396461486816406
63,16.0,4.0,6,15.92940902709961,3.1444289684295654,1.1635210514068604,0.0,4.487936019897461
63,16.0,4.0,7,13.89482307434082,3.326040506362915,1.4667741060256958,0.0,2.7093772888183594
63,16.0,4.0,8,13.78320026397705,3.9497766494750977,1.5570110082626343,2333.3330000000005,10.789972305297852
63,16.0,4.0,9,15.17016315460205,2.9182820320129395,1.6295032501220703,0.0,8.10066032409668
63,16.0,4.0,10,13.341568946838379,3.4235587120056152,1.6772438287734985,0.0,7.033144950866699
64,17.0,0.5,1,16.5159912109375,1.0071320533752441,2.2343907356262207,897.4359999999999,5.434013366699219
64,17.0,0.5,2,15.41757583618164,1.1528147459030151,2.707249164581299,897.4359999999999,4.661388397216797
64,17.0,0.5,3,14.832056999206543,1.11028254032135,3.1071457862854004,1974.3589999999997,5.347536087036133
64,17.0,0.5,4,16.3749942779541,1.3471934795379639,3.2116382122039795,1974.3589999999997,4.699714660644531
64,17.0,0.5,5,14.664580345153809,0.7694296836853027,3.348706007003784,538.462,3.3225650787353516
64,17.0,0.5,6,11.854026794433594,2.375211477279663,3.478614091873169,4128.205,0.9381580352783203
64,17.0,0.5,7,11.436910629272461,2.315767288208008,3.491696834564209,4128.205,0.8762683868408203
64,17.0,0.5,8,15.467178344726562,1.631210207939148,3.646207332611084,1974.3589999999997,3.1434688568115234
64,17.0,0.5,9,14.855951309204102,1.6002459526062012,3.674410343170166,1974.3589999999997,2.8476486206054688
64,17.0,0.5,10,15.167737007141113,1.6866042613983154,3.7304673194885254,1974.3589999999997,3.042085647583008
65,17.0,1.0,1,16.759279251098633,1.064274549484253,1.051189661026001,717.949,2.2195663452148438
65,17.0,1.0,2,16.3749942779541,1.3471934795379639,1.3763353824615479,2153.8459999999995,0.3683910369873047
65,17.0,1.0,3,15.523691177368164,1.29273521900177,1.6975939273834229,2153.8459999999995,0.3184165954589844
65,17.0,1.0,4,16.591083526611328,1.6816531419754028,1.7666308879852295,2153.8459999999995,0.7351150512695312
65,17.0,1.0,5,15.201062202453613,1.3384666442871094,1.8922353982925415,2153.8459999999995,0.3706626892089844
65,17.0,1.0,6,15.904827117919922,1.6937322616577148,1.9359557628631592,2153.8459999999995,1.0096359252929688
65,17.0,1.0,7,14.832056999206543,1.11028254032135,1.9386217594146729,2153.8459999999995,1.0162124633789062
65,17.0,1.0,8,15.467178344726562,1.631210207939148,2.0267586708068848,2153.8459999999995,1.1878547668457031
65,17.0,1.0,9,15.167737007141113,1.6866042613983154,2.216744899749756,2153.8459999999995,1.2892379760742188
65,17.0,1.0,10,14.855951309204102,1.6002459526062012,2.2506027221679688,2153.8459999999995,1.4836750030517578
66,17.0,1.5,1,16.591083526611328,1.6816531419754028,0.6470395922660828,0.0,0.32834815979003906
66,17.0,1.5,2,16.27456283569336,1.5530741214752197,0.6637194752693176,0.0,0.3983325958251953
66,17.0,1.5,3,15.904827117919922,1.6937322616577148,0.7702348828315735,0.0,0.05382728576660156
66,17.0,1.5,4,15.467178344726562,1.631210207939148,0.9466388821601868,0.0,0.12439155578613281
66,17.0,1.5,5,15.167737007141113,1.6866042613983154,1.1576240062713623,0.0,0.22577476501464844
66,17.0,1.5,6,15.523691177368164,1.29273521900177,1.2844789028167725,0.0,1.3818798065185547
66,17.0,1.5,7,15.281407356262207,1.9948772192001343,1.3100389242172241,0.0,0.9976711273193359
66,17.0,1.5,8,15.201062202453613,1.3384666442871094,1.3564705848693848,0.0,0.6928005218505859
66,17.0,1.5,9,14.855951309204102,1.6002459526062012,1.3799209594726562,0.0,0.4202117919921875
66,17.0,1.5,10,16.759279251098633,1.064274549484253,1.412330985069275,2871.7949999999996,3.283029556274414
67,17.0,2.0,1,16.591083526611328,1.6816531419754028,0.851976752281189,0.0,1.682729721069336
67,17.0,2.0,2,15.904827117919922,1.6937322616577148,0.9383424520492554,0.0,1.4082088470458984
67,17.0,2.0,3,16.158618927001953,2.2130846977233887,1.0000685453414917,0.0,3.656179428100586
67,17.0,2.0,4,15.281407356262207,1.9948772192001343,1.0329492092132568,0.0,2.352052688598633
67,17.0,2.0,5,16.27456283569336,1.5530741214752197,1.0346475839614868,0.0,1.7527141571044922
67,17.0,2.0,6,15.467178344726562,1.631210207939148,1.223089337348938,0.0,1.229990005493164
67,17.0,2.0,7,15.167737007141113,1.6866042613983154,1.2929103374481201,0.0,1.1286067962646484
67,17.0,2.0,8,16.895095825195312,2.5681252479553223,1.4187573194503784,0.0,6.1615142822265625
67,17.0,2.0,9,14.855951309204102,1.6002459526062012,1.5751136541366577,0.0,0.9341697692871094
67,17.0,2.0,10,14.473864555358887,1.7727036476135254,1.6445846557617188,0.0,1.342702865600586
68,17.0,2.5,1,16.895095825195312,2.5681252479553223,0.5348162651062012,2153.8459999999995,4.143651962280273
68,17.0,2.5,2,16.605714797973633,2.7274365425109863,0.7409393191337585,4307.692,4.475526809692383
68,17.0,2.5,3,16.097702026367188,2.3537769317626953,0.8249719738960266,2153.8459999999995,2.8480186462402344
68,17.0,2.5,4,15.629899978637695,2.7173540592193604,1.327329158782959,4307.692,2.8754730224609375
68,17.0,2.5,5,15.281407356262207,1.9948772192001343,1.4180892705917358,2153.8459999999995,0.33419036865234375
68,17.0,2.5,6,15.92940902709961,3.1444289684295654,1.7840009927749634,4307.692,6.74799919128418
68,17.0,2.5,7,16.591083526611328,1.6816531419754028,1.8014404773712158,2153.8459999999995,0.3351325988769531
68,17.0,2.5,8,15.177958488464355,2.8714752197265625,1.8328136205673218,4307.692,9.689277648925781
68,17.0,2.5,9,15.904827117919922,1.6937322616577148,1.8826780319213867,2153.8459999999995,0.6096534729003906
68,17.0,2.5,10,13.181862831115723,3.0408449172973633,1.9837167263031006,4307.692,0.7645225524902344
69,17.0,3.0,1,16.605714797973633,2.7274365425109863,0.769143283367157,1435.8969999999997,2.081256866455078
69,17.0,3.0,2,15.629899978637695,2.7173540592193604,0.9794549942016602,1435.8969999999997,5.269742965698242
69,17.0,3.0,3,15.92940902709961,3.1444289684295654,0.9854670763015747,1435.8969999999997,9.142269134521484
69,17.0,3.0,4,16.895095825195312,2.5681252479553223,1.1194021701812744,717.9490000000009,1.7493820190429688
69,17.0,3.0,5,15.177958488464355,2.8714752197265625,1.2216371297836304,1435.8969999999997,12.083547592163086
69,17.0,3.0,6,14.705958366394043,3.6402552127838135,1.2503594160079956,1435.8969999999997,1.1584148406982422
69,17.0,3.0,7,16.756677627563477,3.6789305210113525,1.251715898513794,1435.8969999999997,7.419244766235352
69,17.0,3.0,8,13.89482307434082,3.326040506362915,1.3124223947525024,1435.8969999999997,1.944955825805664
69,17.0,3.0,9,15.086280822753906,3.651463270187378,1.317394495010376,1435.8969999999997,4.225643157958984
69,17.0,3.0,10,16.097702026367188,2.3537769317626953,1.3370013236999512,717.9490000000009,0.4537487030029297
70,17.0,3.5,1,16.756677627563477,3.6789305210113525,0.706428050994873,0.0,6.224754333496094
70,17.0,3.5,2,15.659541130065918,3.753941774368286,0.9245712161064148,0.0,5.515373229980469
70,17.0,3.5,3,15.92940902709961,3.1444289684295654,1.0067757368087769,0.0,7.947778701782227
70,17.0,3.5,4,15.086280822753906,3.651463270187378,1.0418599843978882,0.0,3.0311527252197266
70,17.0,3.5,5,14.705958366394043,3.6402552127838135,1.108734130859375,0.0,0.036075592041015625
70,17.0,3.5,6,14.836849212646484,3.3602776527404785,1.3226920366287231,0.0,7.856304168701172
70,17.0,3.5,7,16.605714797973633,2.7274365425109863,1.477460265159607,0.0,3.275747299194336
70,17.0,3.5,8,13.89482307434082,3.326040506362915,1.48370361328125,0.0,0.7504653930664062
70,17.0,3.5,9,15.629899978637695,2.7173540592193604,1.521807312965393,0.0,4.075252532958984
70,17.0,3.5,10,15.17016315460205,2.9182820320129395,1.544353723526001,0.0,11.560503005981445
71,17.0,4.0,1,16.725055694580078,3.8001840114593506,0.5791764855384827,0.0,0.4344615936279297
71,17.0,4.0,2,15.659541130065918,3.753941774368286,0.7588433027267456,0.0,1.168182373046875
71,17.0,4.0,3,15.086280822753906,3.651463270187378,1.0677330493927002,0.0,3.652402877807617
71,17.0,4.0,4,15.92940902709961,3.1444289684295654,1.07504403591156,0.0,1.2642230987548828
71,17.0,4.0,5,14.836849212646484,3.3602776527404785,1.237971544265747,0.0,1.1727485656738281
71,17.0,4.0,6,14.705958366394043,3.6402552127838135,1.3036760091781616,0.0,6.719631195068359
71,17.0,4.0,7,15.17016315460205,2.9182820320129395,1.6026443243026733,0.0,4.876947402954102
71,17.0,4.0,8,13.89482307434082,3.326040506362915,1.7481510639190674,0.0,5.9330902099609375
71,17.0,4.0,9,15.629899978637695,2.7173540592193604,1.7776851654052734,0.0,2.6083030700683594
71,17.0,4.0,10,13.78320026397705,3.9497766494750977,1.88942551612854,2333.3330000000005,14.01368522644043
