data_index,excel_row,split,curve_mae_db,curve_rmse_db,geometry_mean_abs_error,frequency_error_mhz,depth_error_db,true_resonance_ghz,pred_resonance_ghz,true_depth_db,pred_depth_db,true_sx,pred_sx,error_sx,true_sy,pred_sy,error_sy,true_sl,pred_sl,error_sl,true_sw,pred_sw,error_sw
1,3,train,0.29677065248697554,0.8356191954678578,1.9411242,1.200000000000312,10.947674383676812,2.402,2.4008,-47.61216,-36.664485345327094,7.5,5.122766,2.377234,0.5,4.489854,3.9898539,2.0,2.5377257,0.5377257,6.5,5.640317,0.85968304
2,4,train,0.19515142337739327,0.5777734137370019,3.4585705,0.0,0.8221564860953166,2.3924,2.3924,-36.052345,-35.23018878978359,11.5,7.09194,4.40806,9.0,4.4098206,4.5901794,1.6,3.2891445,1.6891445,10.0,6.853102,3.1468978
3,5,train,0.19778415870023178,0.41075218207054154,0.38099134,2.4001999999998525,0.032715044295954954,2.4314001,2.4289999,-24.709946,-24.742660723006892,11.5,10.998693,0.50130653,4.5,3.5846968,0.91530323,4.2,4.227091,0.027091026,3.0,2.9197354,0.08026457
4,6,train,0.5139062785281377,0.9351203329845135,1.6816995,3.599899999999767,2.938314276022375,2.2964001,2.3,-20.10255,-17.164236230569422,5.0,1.628272,3.371728,8.5,5.9310336,2.5689664,4.2,3.7873666,0.41263318,10.0,9.62653,0.3734703
5,7,validation,0.4624855726537184,0.8903832453663928,2.2615004,2.4001999999998525,2.3846837851298748,2.2490001,2.2465999,-11.790034,-9.405350508998543,8.0,0.65241325,7.3475866,0.0,1.0808641,1.0808641,4.4,4.6492624,0.24926233,9.5,9.868288,0.36828804
6,8,validation,0.2011177021087261,0.4685196689952455,1.2726966,1.200000000000312,1.801740645651229,2.4158001,2.4170001,-28.034176,-26.232435227151505,8.0,6.894741,1.105259,7.0,5.016298,1.9837022,4.0,2.609254,1.3907461,5.0,4.388921,0.6110792
7,9,validation,0.05450993931993074,0.12861445551805833,1.4808705,0.0,1.1854703796507735,2.4254,2.4254,-26.122372,-24.93690129393321,8.0,9.056696,1.0566959,1.5,4.5614166,3.0614166,3.8,2.782145,1.0178549,2.0,2.787515,0.7875149
8,10,train,0.6943253304882249,1.4163703058578467,1.878453,29.40010000000015,1.9118546474718165,2.2742,2.3036001,-10.896591,-8.984736539051621,3.0,1.1159707,1.8840293,0.0,2.0995145,2.0995145,1.4,3.826678,2.4266782,8.5,9.60359,1.10359
9,11,validation,0.05143390112547522,0.1173377104338011,1.3514225,0.5999000000000976,0.8809018977607224,2.4266,2.4260001,-25.735855,-24.85495320477834,8.5,9.74645,1.2464504,3.0,4.813862,1.8138618,4.8,3.1063426,1.6936576,2.0,2.6517203,0.6517203
10,12,validation,0.6628921714542132,1.3923316428931143,1.1523459,6.599899999999881,2.4572468688096833,2.3455999,2.339,-21.884928,-19.427680880824106,5.0,2.350085,2.649915,3.5,4.199061,0.6990609,4.2,2.9650989,1.234901,8.5,8.474493,0.025506973
11,13,train,1.6287718803518834,3.764098032050055,1.3362672,28.199900000000167,3.9772050552649603,2.3708,2.3989999,-26.967665,-30.94486977389289,2.0,4.840864,2.8408642,4.5,3.0287132,1.4712868,2.8,2.797339,0.0026609898,7.0,5.969743,1.0302572
12,14,train,0.20759649258580165,0.5235948144576805,0.62487996,0.6000999999997703,2.6914675590893467,2.3978,2.3984001,-36.748116,-34.056647980461435,8.5,7.1255426,1.3744574,7.0,6.8077955,0.19220448,2.0,2.2475286,0.24752855,7.5,6.8146706,0.68532944
13,15,train,0.17938246163596633,0.4170416523075885,1.785733,0.0,3.076911014839304,2.4128001,2.4128001,-32.21896,-29.142048793510305,8.0,6.5398874,1.4601126,1.5,4.6407423,3.1407423,1.4,2.71958,1.31958,6.0,4.777503,1.222497
14,16,train,0.09652046120510611,0.20119277396841917,0.8412924,0.0,1.1334805021416443,2.4284,2.4284,-25.396196,-24.2627158632148,11.5,10.746723,0.7532768,3.0,4.3087797,1.3087797,3.4,3.8687217,0.46872163,3.5,2.6656086,0.83439136
15,17,validation,0.2062932101898425,0.6123331554134402,2.011375,0.0,9.643732436321471,2.3984001,2.3984001,-44.58971,-34.94597779927423,9.0,7.560958,1.4390421,2.0,7.1569057,5.1569057,3.0,1.9352314,1.0647686,7.5,7.1152167,0.38478327
16,18,train,0.0849201831284155,0.17169743343231597,1.4773438,0.6000999999997703,0.7579276452547177,2.4284,2.4277999,-24.988098,-24.230170499276532,11.0,10.6783905,0.3216095,9.0,4.361616,4.638384,3.2,3.8361485,0.63614845,3.0,2.6867669,0.31323314
17,19,validation,2.1163250608374184,5.0335177832926705,2.9922886,29.999999999999805,22.302893643270497,2.4056001,2.3756001,-48.488567,-26.185673709024424,1.5,7.008518,5.508518,2.0,4.2275543,2.2275543,4.4,4.498204,0.098204136,4.0,8.134877,4.134877
18,20,train,0.09600289504950513,0.21427311169276314,1.4917676,0.0,1.5251332803856812,2.4284,2.4284,-25.810884,-24.285751195322327,10.0,10.751649,0.7516489,2.0,4.387523,2.3875232,4.8,3.8407927,0.95920753,4.5,2.631309,1.868691
19,21,validation,0.3307371446290944,0.9026474889034306,1.4925796,0.0,5.933119773713429,2.3840001,2.3840001,-28.02864,-33.96176052078374,2.0,4.6358957,2.6358957,2.0,4.264438,2.2644382,3.4,3.0214992,0.37850094,6.0,6.6914835,0.6914835
20,22,train,0.2916866516319895,0.6440319770705832,0.5576361,0.6000999999997703,2.0232243059317767,2.381,2.3803999,-39.937,-37.913775968726426,4.0,5.4061537,1.4061537,7.5,7.564257,0.064257145,3.4,3.178168,0.22183204,6.5,7.0383015,0.53830147
21,23,train,0.2180220109884351,0.4920863649885063,2.9410586,0.5999000000000976,3.4750948638027097,2.4158001,2.4164,-29.745129,-26.270033767789087,11.0,6.657179,4.342821,2.5,4.891198,2.3911982,4.0,2.5499582,1.4500418,8.0,4.4198265,3.5801735
22,24,validation,0.053306131053005676,0.12170596636586366,1.8376894,0.0,1.1606924684321953,2.4254,2.4254,-26.105171,-24.944478735181086,4.5,8.995624,4.4956236,5.0,4.522806,0.47719383,1.2,2.7624547,1.5624547,2.0,2.8154855,0.8154855
23,25,train,0.10742582718759337,0.19817688644497644,1.6455011,0.0,0.8803289354137078,2.4224,2.4224,-26.266792,-25.386463361949573,6.5,7.595686,1.095686,7.0,4.3324294,2.6675706,4.8,2.4168608,2.3831394,3.0,3.4356089,0.43560886
24,26,validation,0.1365321167816229,0.27207217698740743,0.7330218,0.0,2.110445909188936,2.4205999,2.4205999,-27.865181,-25.754735060049345,7.0,7.0658126,0.06581259,4.0,4.6258287,0.62582874,1.0,2.4417152,1.4417152,4.5,3.7012694,0.7987306
25,27,validation,0.4687019212965596,1.2663742339481088,2.0324442,3.599899999999767,10.541170776055196,2.3929999,2.3894,-43.776905,-33.23573428375926,2.0,4.941291,2.9412909,7.5,3.5554082,3.9445918,2.2,1.9117417,0.2882583,6.0,6.955636,0.955636
26,28,train,0.4071535073619382,0.9132689063527502,1.3716955,0.5997999999998171,0.2999855346753577,2.3726001,2.3731999,-29.406712,-29.106726043693783,2.0,4.3313365,2.3313365,5.5,3.6738145,1.8261855,2.0,2.9744911,0.9744911,7.5,7.1452312,0.35476875
27,29,train,0.04691384152674329,0.10248168036954923,0.83840734,0.0,0.9328710173084289,2.4254,2.4254,-25.874788,-24.94191726699333,8.5,9.003008,0.5030079,7.0,4.511327,2.4886732,2.8,2.7842956,0.015704393,2.5,2.8462439,0.34624386
28,30,train,0.4345088068250072,0.9469115240310828,2.8256125,3.0000000000001137,4.221920386530265,2.3510001,2.3540001,-27.460676,-23.23875580670704,2.5,5.518652,3.018652,8.5,3.823997,4.676003,1.6,4.628066,3.0280662,9.0,8.420271,0.5797291
29,31,train,0.1645080923977456,0.35688926747036,1.6466805,0.5997999999998171,0.383489617473753,2.4133999,2.4128001,-29.007513,-28.624023428790895,6.5,6.8127146,0.31271458,9.0,4.9844,4.0156,1.2,2.723377,1.523377,5.5,4.76497,0.7350302
30,32,validation,1.3231700596694005,3.629599822333042,2.4523845,18.599999999999728,18.569630925975197,2.3743999,2.3557999,-38.780804,-20.211172754444725,1.0,4.304687,3.304687,9.0,4.7948494,4.2051506,1.0,3.0397267,2.0397267,8.5,8.240026,0.25997353
31,33,train,0.12440169517075823,0.23105658622110795,2.2203372,0.0,1.2112343952215952,2.4217999,2.4217999,-26.74453,-25.5332953288995,10.0,7.323882,2.676118,8.0,4.4416227,3.5583773,1.2,2.392108,1.1921079,5.0,3.545255,1.454745
32,34,train,0.43151478775247387,1.0034656702312763,1.595158,0.5999000000000976,5.66113962005136,2.3168001,2.3174,-20.837034,-15.175894605412507,3.0,2.672288,0.32771206,7.5,2.753863,4.7461367,2.8,3.5283883,0.7283883,9.5,8.921605,0.5783949
33,35,validation,0.14419993617253873,0.2729331197856905,2.0276628,0.0,2.1984512390861752,2.4212,2.4212,-28.01667,-25.818218987964606,2.0,6.7975216,4.7975216,2.5,4.5650153,2.0650153,1.6,2.2536001,0.6536001,3.0,3.5945137,0.59451365
34,36,train,0.045095043685614955,0.1063890530493522,0.40975493,0.6000999999997703,0.7245515995574827,2.4272001,2.4266,-25.532228,-24.80767687029115,10.5,9.905128,0.5948725,5.5,4.818468,0.6815319,3.2,3.2065024,0.00650239,3.0,2.643887,0.35611296
35,37,train,0.1427825413851193,0.31084723562184724,1.6537844,0.0,1.48670500562622,2.4188001,2.4188001,-27.839012,-26.352307140369874,10.5,7.5271664,2.9728336,5.5,4.2319317,1.2680683,2.4,2.9436867,0.5436866,6.0,4.169451,1.8305488
36,38,train,0.1302246487590734,0.25635816030546876,1.675319,0.0,2.293099762563134,2.4217999,2.4217999,-27.997742,-25.704641936655616,5.0,6.999874,1.9998741,0.5,4.512827,4.012827,2.0,2.2190719,0.21907187,3.0,3.469503,0.46950293
37,39,train,0.11245465794243253,0.21405006067319104,2.345027,0.0,1.7943840586514455,2.4230001,2.4230001,-27.288923,-25.49453920489836,2.0,7.465316,5.465316,2.0,4.254835,2.2548351,2.6,2.2820191,0.31798077,2.0,3.3419757,1.3419757
38,40,train,0.11071254495361352,0.211611274174823,2.5905876,0.0,0.6957462131071956,2.4224,2.4224,-26.043524,-25.347777575344953,11.0,7.6573887,3.3426113,8.5,4.41821,4.08179,3.0,2.5133727,0.48662734,6.0,3.5486789,2.4513211
39,41,train,0.12138850122160726,0.22074210078445558,2.1258986,0.0,1.0352533697366582,2.4224,2.4224,-26.535183,-25.4999295831442,4.0,7.378082,3.3780818,8.5,4.3835773,4.1164227,2.4,2.377059,0.022941113,2.5,3.486149,0.9861491
40,42,train,0.15192831422710792,0.31291667494448266,1.1760529,0.0,1.7155526301895208,2.4188001,2.4188001,-28.149403,-26.433849988218682,9.5,7.3305044,2.1694956,3.5,4.287503,0.78750277,2.0,2.8224068,0.82240677,5.0,4.0751934,0.9248066
41,43,train,0.5123021379769597,0.9440482931287602,0.14482224,1.799800000000129,2.230841184899756,2.2448001,2.2465999,-11.576052,-9.345210527136377,1.0,0.8149588,0.18504119,1.0,1.2256439,0.22564387,4.8,4.8717394,0.0717392,10.0,9.903135,0.0968647
42,44,validation,0.23207859040120224,0.5591392533068948,1.6188198,0.5998999999996535,5.638171685190379,2.4145999,2.414,-31.921207,-26.283035742788137,7.0,6.472124,0.5278759,0.5,5.5711837,5.0711837,1.8,2.2224994,0.42249942,5.0,4.5462794,0.45372057
43,45,train,0.1047298496797953,0.20797449178965677,2.0882452,0.0,1.8889693855858027,2.4230001,2.4230001,-27.343985,-25.455015218296033,10.0,7.553268,2.446732,0.0,4.256166,4.256166,1.0,2.3049912,1.3049912,3.0,3.3450918,0.34509182
44,46,train,0.15247800569793876,0.3834572349022912,1.1103392,0.0,0.31721206082881537,2.4122,2.4122,-29.384668,-29.06745628939091,8.0,6.734915,1.2650852,6.5,4.579818,1.9201822,3.6,3.040396,0.5596039,5.5,4.803515,0.69648504
45,47,validation,0.16120298584464665,0.32865239079558417,1.0626788,0.5999000000000976,2.05758877783499,2.4194,2.4188001,-28.573748,-26.516158857052705,6.5,7.213475,0.7134752,2.5,4.2614994,1.7614994,4.0,2.767086,1.232914,3.5,4.0428267,0.54282665
46,48,validation,0.3524010567487889,0.9168365165607727,1.8061796,0.6001000000002144,8.623239586194622,2.4014001,2.4008,-45.49548,-36.87223999754561,8.5,5.758194,2.741806,1.5,4.646174,3.146174,2.4,2.6453042,0.24530411,7.0,5.9085655,1.0914345
47,49,train,0.3249885843031957,0.6557020879777988,3.3175411,0.0,5.27761901029335,2.3947999,2.3947999,-39.542217,-34.26459824434532,9.5,4.3427105,5.1572895,0.5,3.7405257,3.2405257,4.8,1.458118,3.3418822,8.5,6.9695344,1.5304656
48,50,train,0.1994702435261936,0.41642831016370774,0.6073329,0.6001000000002144,2.8499801205432718,2.414,2.4133999,-30.525545,-27.675564999695986,6.0,6.554125,0.55412483,4.0,5.314219,1.314219,2.8,2.4004102,0.39958978,4.5,4.661398,0.16139793
49,51,train,2.026554420911862,5.007623542155947,0.9731059,37.799999999999834,15.13540867287017,2.3546,2.3924,-25.088919,-40.224327358783256,6.0,6.3805265,0.38052654,4.5,3.125403,1.3745971,4.4,4.208335,0.19166517,8.5,6.554365,1.9456348
50,52,train,0.25807526034890504,0.6471850917463343,0.53488815,0.0,4.212059917448347,2.405,2.405,-35.895985,-31.683924732209857,8.0,8.392892,0.39289188,3.5,4.382426,0.8824258,4.4,3.649323,0.7506771,6.5,6.386442,0.113557816
51,53,train,0.37657050692240757,0.8247481515767119,1.4957147,0.0,8.049554377748613,2.3756001,2.3756001,-42.34675,-34.29719397430217,4.0,5.8991065,1.8991065,8.5,6.600528,1.8994722,4.6,3.5079296,1.0920703,6.5,7.59221,1.0922098
52,54,train,0.14972444895599837,0.3077019994535824,0.70611054,0.0,1.548390618343639,2.4188001,2.4188001,-27.973328,-26.42493701837511,7.5,7.343273,0.15672684,5.5,4.285794,1.2142062,1.8,2.8319325,1.0319326,4.5,4.0784235,0.4215765
53,55,train,0.18137953149454672,0.40043329990309523,1.482123,0.6001000000002144,2.774062837515295,2.4175999,2.4182,-29.643892,-26.869829450692713,5.5,7.131994,1.6319938,2.0,4.009251,2.009251,4.4,2.8185368,1.5814633,3.5,4.205784,0.70578384
54,56,train,0.2780324219958219,0.8515414178379848,1.4554169,0.0,16.36775889488262,2.4026,2.4026,-47.174625,-30.806866501845896,2.5,5.2786427,2.7786427,1.5,3.9516954,2.4516954,1.8,1.9177551,0.117755175,5.5,5.9735746,0.47357464
55,57,train,0.20689002884007662,0.4477317447799043,2.0321133,0.6001000000002144,1.6618543162798858,2.4164,2.4170001,-28.108797,-26.446942757084372,3.5,6.7998695,3.2998695,8.5,4.6630745,3.8369255,2.8,2.6518846,0.1481154,3.5,4.343543,0.84354305
56,58,validation,0.07664888256530046,0.15859650929576644,1.5080733,0.6000999999997703,0.8772645321896775,2.4284,2.4277999,-25.173859,-24.296594110388448,11.0,10.606392,0.3936081,9.0,4.478001,4.521999,2.8,3.7550344,0.9550345,2.5,2.6616516,0.16165161
57,59,validation,0.19011170707126082,0.5662390598333695,0.92142767,0.0,3.523250059719942,2.411,2.411,-33.740623,-30.217373414401152,3.0,5.7048244,2.7048244,3.5,3.8406796,0.34067965,3.4,3.2907345,0.109265566,4.0,4.530941,0.530941
58,60,train,0.04866109822218707,0.10749299302334854,1.1699454,0.6000999999997703,1.0686316998006191,2.4254,2.4247999,-26.051085,-24.982452818631998,7.5,8.802962,1.3029623,6.5,4.4116483,2.0883517,1.8,2.69004,0.89004016,2.5,2.8984275,0.3984275
59,61,validation,0.4278377764860711,1.1693107235578646,0.76822203,5.400199999999966,6.468292092933311,2.3929999,2.3984001,-37.20814,-30.739849233970986,3.5,4.924237,1.4242368,3.0,3.5579946,0.5579946,2.6,2.0075831,0.59241676,6.0,6.49824,0.49824
60,62,validation,0.14855524716689347,0.28276770938794915,2.974053,0.6000999999997703,2.304087952501959,2.4212,2.4205999,-28.21927,-25.9151827536748,1.0,6.7284636,5.7284636,2.0,4.6003876,2.6003876,4.2,2.2850919,1.9149079,2.0,3.6524525,1.6524525
61,63,train,0.12583071337672608,0.23952488901225377,2.3614821,0.0,1.0683942458484026,2.4212,2.4212,-26.57016,-25.501765666260972,11.5,7.381764,4.118236,6.5,4.528401,1.9715991,3.0,2.4931235,0.50687647,6.5,3.6507835,2.8492165
62,64,train,1.8002893171001664,4.099039512641291,1.5790564,34.1999000000004,7.52088888884105,2.3648,2.3989999,-25.048477,-32.56936606169261,2.5,5.2456264,2.7456264,4.0,2.9394605,1.0605395,5.0,3.1437907,1.8562093,6.5,5.84615,0.6538501
63,65,validation,0.35380432659971384,0.9461689012303796,1.2924738,0.6001000000002144,1.2984533341570028,2.3887999,2.3894,-34.590908,-33.29245471638011,6.5,4.12014,2.37986,2.0,3.886236,1.886236,3.0,2.411137,0.5888629,7.0,6.685064,0.31493616
64,66,train,1.9702785003953662,4.6397107663438435,1.797286,45.00009999999976,5.82957317351973,2.3557999,2.4008,-24.958632,-30.78820468902266,8.0,6.4913673,1.5086327,3.5,3.1605043,0.33949566,2.4,3.9058025,1.5058024,10.0,6.164787,3.8352132
65,67,train,0.466379800296096,0.8759170451394734,1.3847045,0.0,2.968194449202585,2.3006001,2.3006001,-19.522593,-16.55439809535308,0.0,2.184553,2.184553,8.0,6.6003966,1.3996034,4.8,3.8564785,0.94352174,8.5,9.51114,1.0111399
66,68,validation,1.7036693036194914,3.9309636831175223,1.8845358,25.20010000000017,8.720784537804882,2.3648,2.3900001,-21.933208,-30.653993003381053,1.0,5.225798,4.225798,2.0,3.0122504,1.0122504,2.4,3.2013617,0.80136156,7.5,6.001267,1.498733
67,69,train,0.3253482934083625,0.7321903553545205,1.2918402,0.0,4.588627690140328,2.3834,2.3834,-37.88967,-33.301043635543266,1.5,4.006711,2.506711,6.5,5.5971513,0.9028487,1.4,2.4970345,1.0970346,7.5,6.8392334,0.6607666
68,70,train,0.5419353841526574,0.99846880859802,0.9968388,1.8000000000002458,3.5938201049036884,2.3318,2.3336,-23.631058,-20.037237634354124,6.0,3.9161925,2.0838075,7.0,6.285374,0.71462584,4.0,3.7517977,0.24820232,9.5,8.55928,0.9407196
69,71,train,0.10939042611374701,0.22520689387831574,0.56833744,0.5999000000000976,1.098512679252785,2.4289999,2.4284,-25.414066,-24.31555363544448,11.0,10.836703,0.1632967,3.0,4.14047,1.14047,3.8,3.957733,0.15773296,3.5,2.68815,0.8118501
70,72,train,0.33623082961560724,0.773250962758455,1.7205284,0.0,5.978296948019228,2.3834,2.3834,-39.436836,-33.45853929465655,0.0,3.965167,3.965167,7.0,5.450317,1.5496831,3.0,2.4536796,0.54632044,6.0,6.820943,0.8209429
71,73,train,0.325900363656572,0.5737834087920228,1.928536,1.1999000000000315,1.0464263745955122,2.4061999,2.405,-31.113857,-30.067430894691597,11.0,8.218298,2.781702,5.5,3.9970121,1.5029879,3.4,4.144,0.74399996,9.0,6.3145456,2.6854544
72,74,validation,0.05657285365861872,0.12478610645206344,1.0603899,0.0,1.3659292523350572,2.4242001,2.4242001,-26.495893,-25.129964226058497,10.0,8.28905,1.7109499,5.0,4.2300153,0.7699847,1.6,2.4910915,0.89109147,4.0,3.1304665,0.86953354
73,75,validation,0.05881692488687085,0.15299175750325722,1.8838549,0.0,1.9182597146861795,2.4242001,2.4242001,-27.070318,-25.15205850735972,11.0,8.295277,2.7047234,0.0,4.1923366,4.1923366,3.0,2.4487138,0.5512862,3.0,3.0870733,0.087073326
74,76,train,0.04662643935387438,0.10271156579105842,2.1870794,0.0,0.8443759951141914,2.4247999,2.4247999,-25.838614,-24.994237515017645,12.0,8.652636,3.3473644,6.5,4.3276343,2.1723657,3.0,2.700276,0.2997241,6.0,3.0711365,2.9288635
75,77,validation,0.08396795667314724,0.162488456972743,2.8279448,0.0,1.3722653818888375,2.4236,2.4236,-26.655115,-25.28284974567464,0.5,7.8842525,7.3842525,6.0,4.224562,1.7754378,1.0,2.3920386,1.3920386,2.5,3.26005,0.76005006
76,78,validation,0.5929430716253321,1.313843524903145,1.3296452,4.1999999999999815,1.6531118213464744,2.3510001,2.3552001,-20.982145,-22.635257130794717,6.5,5.0275307,1.4724693,0.5,3.5838227,3.0838227,4.4,4.22812,0.17188025,8.5,7.9095917,0.5904083
77,79,validation,0.32163016214204315,0.7905172296685308,1.4393415,1.1999000000000315,1.4105744381678065,2.4122,2.4133999,-24.177448,-25.588022710872885,9.0,7.8647194,1.1352806,1.0,4.5240507,3.5240507,3.6,3.5184808,0.08151913,6.0,4.9834843,1.0165157
78,80,validation,0.31218208863537616,0.7597969168034251,1.2632296,4.1999999999999815,0.8015403271459363,2.4331999,2.4289999,-24.103065,-24.904605817868593,12.0,10.9690895,1.0309105,6.0,4.777286,1.222714,4.2,4.442962,0.24296236,5.5,2.9436681,2.5563319
79,81,validation,0.06117378445864093,0.1254876259984775,1.9836348,0.6001000000002144,1.2171094974779848,2.4236,2.4242001,-26.355959,-25.138849441120648,5.0,8.218856,3.2188559,7.5,4.227223,3.272777,1.2,2.484524,1.284524,3.0,3.1583824,0.15838242
80,82,train,0.4309966322570235,0.8780593720470311,0.5276062,1.799800000000129,2.2335701541241626,2.3185999,2.3168001,-17.427408,-15.193838064259626,2.0,2.5881436,0.5881436,3.5,3.7161875,0.21618748,4.4,3.5184822,0.8815179,8.5,8.924576,0.4245758
81,83,train,0.3642734031087491,0.782268963741014,1.524993,0.6000999999997703,2.6876517021436825,2.3894,2.3900001,-32.49661,-35.18426043627454,0.5,4.421237,3.921237,3.5,4.2227597,0.7227597,3.2,2.5766845,0.6233156,5.5,6.3326597,0.8326597
82,84,validation,0.1584996635004671,0.3751472191133293,0.8947148,0.0,1.4084902856702612,2.4128001,2.4128001,-30.289639,-28.881148233616848,8.0,6.693178,1.3068218,5.5,4.6567044,0.8432956,2.2,2.8723884,0.6723883,5.5,4.7436466,0.7563534
83,85,train,0.12977165548107825,0.23589968713510936,3.408183,0.0,1.0730607433029888,2.4217999,2.4217999,-26.639496,-25.566435106306386,0.0,7.2530403,7.2530403,9.0,4.436578,4.563422,1.6,2.3758168,0.7758168,2.5,3.5404527,1.0404527
84,86,validation,0.528278040703944,1.4508036188315019,1.2795706,0.6001000000002144,6.393975731695832,2.4098001,2.4092,-35.852158,-29.458181861077605,4.5,6.0127726,1.5127726,1.5,3.953334,2.453334,3.0,3.3836741,0.38367414,4.5,5.2685013,0.7685013
85,87,train,0.1450951019798058,0.3728665952471079,3.4095175,0.0,0.18067426887368399,2.4122,2.4122,-28.986977,-28.806302354661472,11.5,6.847056,4.652944,8.5,4.595593,3.904407,1.2,3.0932972,1.8932972,8.0,4.812578,3.1874218
86,88,train,0.262285640776224,0.49174439376667006,0.6933811,2.9999999999996696,1.1370396370956861,2.2981999,2.3011999,-16.303556,-15.166516805165056,3.0,1.9767952,1.0232048,4.0,4.350168,0.35016823,3.2,3.9932292,0.7932291,10.0,9.393078,0.60692215
87,89,train,0.2784111904528598,0.6378325490393226,0.7545356,0.0,7.166699795412512,2.3792,2.3792,-44.704746,-37.53804645092538,5.0,6.5475454,1.5475454,9.0,8.180158,0.81984234,2.2,2.5514283,0.35142827,7.5,7.7993264,0.29932642
88,90,train,0.37143110740990665,0.6579373955684413,0.44074053,0.0,3.551090293890887,2.3924,2.3924,-48.813908,-45.26281732940013,8.0,8.488806,0.48880577,5.0,5.901973,0.9019728,3.8,3.6900687,0.10993123,7.5,7.7622523,0.26225233
89,91,train,0.2385750180118639,0.5694767927898027,3.266465,0.0,1.5485254539223092,2.414,2.414,-24.286036,-25.834560991642036,2.0,7.632512,5.632512,1.0,4.8496213,3.8496213,5.0,3.1865957,1.8134043,3.0,4.770322,1.7703218
90,92,validation,0.47535809051973765,0.8939344169617667,1.3929056,2.3998999999998993,1.0276811590963604,2.3348,2.3371999,-20.242304,-19.21462268917024,0.0,2.7891285,2.7891285,5.0,4.717025,0.2829752,4.6,3.148636,1.4513638,7.5,8.548155,1.0481548
91,93,train,0.252340218433964,0.5175004016287024,0.76062524,1.8000000000002458,0.9580716811277696,2.3,2.3018,-15.854952,-14.896880177392738,2.0,2.2517755,0.2517755,3.5,4.4067693,0.9067693,2.8,3.9776077,1.1776078,10.0,9.293652,0.7063484
92,94,validation,0.2708072405393763,0.7627624503806928,2.7194314,2.4000000000001798,8.3946564397033,2.3954,2.3978,-39.53137,-31.136711815911934,1.5,5.4427633,3.9427633,8.0,5.029933,2.970067,3.6,1.5881935,2.0118065,5.0,6.953089,1.9530892
93,95,validation,0.17549830788634802,0.3826521758450744,1.6354508,0.6001000000002144,2.399223186712355,2.4175999,2.4182,-29.245495,-26.846271655816942,2.0,7.170615,5.170615,4.0,4.016322,0.016322136,3.0,2.8329349,0.16706514,3.0,4.187801,1.1878009
94,96,train,0.2248896782194078,0.9042073390401092,1.3116766,0.5998000000002612,21.677219354073408,2.3989999,2.3984001,-56.13625,-34.45903018816292,7.0,7.194359,0.19435883,2.0,6.494133,4.494133,2.6,2.2467933,0.35320663,6.5,6.705008,0.20500803
95,97,train,0.1996895866028084,0.5234204270684971,1.0950278,0.0,3.586482688930957,2.4103999,2.4103999,-34.795547,-31.209064796420606,3.0,5.4520206,2.4520206,2.5,3.7331717,1.2331717,3.4,3.3297055,0.07029462,4.0,4.6246243,0.62462425
96,98,train,0.044632815684294315,0.09800666159907533,1.6746875,0.6000999999997703,0.20068751425493403,2.4272001,2.4266,-24.888508,-24.687820328762644,10.0,10.046222,0.046221733,9.0,4.7117915,4.2882085,4.0,3.406535,0.5934651,4.5,2.7291455,1.7708545
97,99,validation,0.826873295360887,1.8799304479830914,1.3273208,16.800200000000043,9.166076842279182,2.3498001,2.3329999,-26.824451,-17.65837460425402,7.0,5.305585,1.6944151,1.0,4.207835,3.2078352,4.8,4.614195,0.18580532,9.0,8.778772,0.22122765
98,100,train,0.05027525393093968,0.11703890856864206,0.95649385,0.5999000000000976,0.8529517007666385,2.4266,2.4260001,-25.670507,-24.817555730263635,10.0,9.866666,0.13333416,2.0,4.829356,2.8293562,3.4,3.1745682,0.22543192,2.0,2.6378531,0.63785315
99,101,train,0.1441280764116732,0.276486378272711,1.214082,0.6000999999997703,2.1842739494601346,2.4212,2.4205999,-28.051178,-25.86690402905549,5.0,6.8444624,1.8444624,2.5,4.6078815,2.1078815,1.6,2.3340003,0.7340003,3.5,3.669984,0.1699841
100,102,train,0.2909219210778293,0.6345181682032948,1.2371827,0.5999000000000976,2.972756393102202,2.3906,2.3900001,-32.03636,-35.00911808743814,5.0,5.1933913,0.19339132,0.5,4.4253826,3.9253826,3.4,2.880473,0.5195272,6.0,6.31043,0.31043005
101,103,train,0.048368881841466836,0.10408810125704263,1.0326219,0.0,0.848694417441969,2.4254,2.4254,-25.786318,-24.937623407875414,8.5,9.067591,0.5675907,6.5,4.5462236,1.9537764,3.6,2.813273,0.78672695,2.0,2.8223934,0.8223934
102,104,train,0.8279487456883697,2.014278576703879,1.5039767,16.200100000000273,1.4719462962524261,2.3522,2.3684001,-20.479221,-19.007275047741715,0.5,5.0489435,4.5489435,3.0,3.47021,0.47021008,3.2,4.1152277,0.91522765,7.5,7.5815253,0.081525326
103,105,train,0.4010642530819066,0.9151027963633185,0.87080526,2.3998999999998993,4.565235174526544,2.3041999,2.3018,-20.122997,-15.557762109409003,5.0,2.7878613,2.2121387,7.5,6.919849,0.5801511,4.0,4.0021086,0.002108574,10.0,9.311177,0.68882275
104,106,validation,0.43215994583033945,1.4320243818346405,2.143686,1.1999999999998678,14.348616071516258,2.4001999,2.3989999,-44.233875,-29.885259203141946,6.5,4.4830723,2.0169277,3.0,7.1803637,4.1803637,1.4,2.6868482,1.2868482,7.0,5.909395,1.0906048
105,107,train,0.1009692285861773,0.1920829093098431,0.98476005,0.0,1.4751353630476203,2.4230001,2.4230001,-26.87759,-25.40245481639574,9.5,7.6318207,1.8681793,4.0,4.2770033,0.2770033,1.2,2.3566778,1.1566777,4.0,3.3628201,0.63717985
106,108,train,0.3649052617820079,0.9412903842866023,1.0721667,2.3999000000003434,1.4565526296721636,2.3870001,2.3894,-29.830532,-31.287084703646773,1.5,3.9599442,2.4599442,2.5,3.6010087,1.1010087,2.8,2.6287723,0.1712277,6.0,6.556486,0.5564861
107,109,train,0.33391079721637945,0.6953362713035592,0.88516784,0.0,3.866448617517886,2.3204,2.3204,-22.110872,-18.244423651158872,5.5,3.3525429,2.1474571,8.0,7.4982195,0.5017805,3.0,3.077178,0.077178,10.0,9.185744,0.8142557
108,110,validation,0.38362944206805466,1.0405545677785621,1.7917372,3.599899999999767,7.79214987982078,2.3929999,2.3894,-38.177555,-30.385405204407736,7.5,6.368598,1.131402,9.0,4.2036057,4.7963943,2.0,2.5303032,0.53030324,7.5,6.7911506,0.70884943
109,111,validation,0.13841295458555114,0.2809993035717876,1.9256456,0.0,1.650429574917112,2.4200001,2.4200001,-27.52783,-25.877400548984255,3.5,7.1925516,3.6925516,6.0,4.5087194,1.4912806,3.8,2.6043818,1.1956182,2.5,3.823132,1.323132
110,112,train,0.3566528794337512,0.6640169724845922,0.42179835,0.5999000000000976,1.771656696676235,2.3174,2.3168001,-16.450216,-14.678559596658726,3.0,2.481864,0.518136,2.0,3.0085282,1.0085282,3.8,3.6561296,0.14387035,9.0,9.016659,0.016658783
111,113,validation,0.12881128305590808,0.2334130881774185,2.2014065,0.0,1.114615698327924,2.4217999,2.4217999,-26.672882,-25.5582663817502,4.0,7.258172,3.258172,7.0,4.4106402,2.5893598,3.8,2.3535938,1.4464061,2.0,3.5116878,1.5116878
112,114,train,0.04966926159143997,0.1200851166384319,1.4867598,0.5999000000000976,0.9612064462002721,2.4266,2.4260001,-25.799412,-24.83820532748137,7.5,9.810184,2.3101835,3.5,4.8336377,1.3336377,4.8,3.1341832,1.665817,2.0,2.637401,0.6374011
113,115,validation,1.8870582891419547,4.369707743462461,1.0535104,39.00000000000014,5.016710949145313,2.3599999,2.3989999,-25.11297,-30.129681301318165,5.5,5.787361,0.28736115,4.0,3.3117309,0.68826914,2.8,3.500101,0.70010114,8.5,5.9616895,2.5383105
114,116,validation,0.08332986767237197,0.16477885735801953,2.0651326,0.5999000000000976,1.2608454639334852,2.4230001,2.4236,-26.55064,-25.289794642267687,4.0,7.856499,3.8564992,7.0,4.2804756,2.7195244,2.8,2.386788,0.41321206,2.0,3.2712944,1.2712944
115,117,train,0.1547421357397085,0.3498833438693068,2.24502,0.6000999999997703,1.6849457878583323,2.4182,2.4188001,-28.163961,-26.47901562266413,2.0,7.4024878,5.4024878,6.5,4.140294,2.359706,2.8,2.8900206,0.09002066,3.0,4.127866,1.1278658
116,118,train,0.40385327186737263,0.8627189709364612,1.0320749,0.5997999999998171,0.6190545544997228,2.3726001,2.3731999,-30.018602,-29.399547816716098,4.0,4.3402805,0.34028053,5.5,3.6898403,1.8101597,1.8,2.9828043,1.1828043,8.0,7.204945,0.7950549
117,119,train,2.1276444115396074,4.966558070571028,3.438456,46.799899999999894,2.8936810229120873,2.3540001,2.4008,-28.195347,-31.089027855187478,3.0,6.5339165,3.5339165,8.5,2.7733095,5.7266903,2.0,4.3218956,2.3218956,8.5,6.3286777,2.1713223
118,120,validation,0.31401577998281077,0.9126734868246847,2.2587497,1.800099999999638,6.361911243432125,2.3989999,2.4008,-42.742336,-36.380425029761234,2.0,5.671982,3.6719818,2.5,5.981825,3.4818249,1.2,2.4607506,1.2607505,6.5,5.8795586,0.62044144
119,121,validation,0.3287283961517832,0.7583860787251805,1.0590053,1.200000000000312,0.5526098542460431,2.402,2.4008,-36.363888,-35.81127793261919,8.5,6.0881577,2.4118423,5.0,4.5535135,0.44648647,2.6,2.7364554,0.13645554,7.0,5.7587633,1.2412367
120,122,train,0.4263033348353399,0.9356797129796227,1.7294581,3.600099999999884,4.235424067496194,2.3504,2.3540001,-26.960297,-22.72487256336318,8.0,5.632755,2.3672452,6.0,3.9373064,2.0626936,3.6,4.6451635,1.0451636,10.0,8.55727,1.44273
121,123,train,0.14366581780004747,0.26798445385307906,1.9419633,0.5997999999998171,1.5151214439060183,2.4205999,2.4200001,-27.331297,-25.81617547687035,2.5,7.0000896,4.5000896,6.5,4.580926,1.919074,1.8,2.4310813,0.63108134,3.0,3.717608,0.717608
122,124,train,0.4011152594162555,0.8370873881878613,1.2193094,0.6000999999997703,5.24395109497852,2.3894,2.3900001,-42.620773,-37.37682222045117,7.5,5.031214,2.4687858,4.0,5.3169208,1.3169208,2.8,2.6096618,0.19033813,7.5,6.598807,0.90119314
123,125,train,0.1494625471746514,0.32717862910131285,1.3088729,0.0,2.1300638975846127,2.4188001,2.4188001,-28.57831,-26.44824611523277,9.5,7.452557,2.047443,3.0,4.1671214,1.1671214,3.6,2.9162765,0.68372345,5.5,4.162796,1.337204
124,126,validation,0.15007795579992927,0.3528848034456631,2.3438015,0.0,0.28161351052516537,2.4128001,2.4128001,-29.013105,-28.73149188193089,10.5,6.9225197,3.5774803,7.5,4.811805,2.6881952,2.0,2.9216046,0.92160463,7.0,4.8120737,2.1879263
125,127,train,0.14585112729764405,0.29530367739417457,0.7013395,0.5999000000000976,1.4745338429697945,2.4194,2.4188001,-27.798468,-26.323933793138604,7.0,7.3263836,0.3263836,5.0,4.361337,0.6386628,4.6,2.7901502,1.8098497,4.0,4.030462,0.030461788
126,128,validation,1.9530830864991002,4.547739857056926,1.6480124,41.399900000000045,6.751088613023612,2.3576,2.3989999,-25.976475,-32.7275633749865,3.5,6.154707,2.654707,1.0,2.8337002,1.8337002,4.8,3.7278442,1.072156,7.0,5.9685135,1.0314865
127,129,train,0.2328226035957074,0.4917920173545814,0.15496445,0.0,1.4862930222961808,2.3756001,2.3756001,-33.629208,-32.142914588787804,5.5,5.461267,0.038733006,6.0,5.6735,0.32649994,3.2,3.3419402,0.14194012,7.5,7.3873153,0.11268473
128,130,train,0.5195055822584924,0.9327205906209849,1.36247,1.8001000000000822,3.6632028882369454,2.3336,2.3354001,-23.166952,-19.503749244941766,6.5,3.494371,3.005629,6.5,5.7181616,0.7818384,3.0,3.2714472,0.27144718,10.0,8.609035,1.3909655
129,131,validation,0.1844012666087895,0.46016706116192235,3.1824017,0.6000999999997703,2.946966061396445,2.4224,2.4230001,-21.711226,-24.65819157104,2.5,8.680886,6.1808863,1.0,4.307732,3.307732,1.4,3.2592986,1.8592986,2.5,3.881689,1.3816891
130,132,train,1.7165357252888764,3.9439193806080337,1.0701618,29.99989999999997,7.5756274910731065,2.369,2.3989999,-27.230257,-34.805884525374864,5.0,4.726343,0.27365685,4.0,2.4614286,1.5385714,2.4,2.7561896,0.3561895,8.0,5.8877707,2.1122293
131,133,train,0.4123317257769243,0.897930347663873,2.9314616,0.0,6.4561881822949125,2.3432,2.3432,-27.595276,-21.139087696611337,7.5,1.6944227,5.8055773,7.0,4.8490596,2.1509404,4.8,2.392984,2.4070163,10.0,8.637688,1.3623123
132,134,train,0.20309380201457183,0.4345801183074531,2.985988,0.0,2.9141953267545944,2.4188001,2.4188001,-22.793768,-25.707963255831743,2.0,8.104004,6.104004,1.0,4.423356,3.423356,3.8,3.284937,0.51506305,2.5,4.4015284,1.9015284
133,135,train,0.29611422449200175,0.6525929536801411,0.74798983,0.0,0.7621999126049701,2.4008,2.4008,-37.466793,-38.228992972907704,6.5,5.599367,0.90063286,5.0,4.909229,0.0907712,4.6,2.8598917,1.7401083,6.0,5.739553,0.26044703
134,136,train,0.2440392168424609,0.6517675990408814,0.5791575,0.0,4.477433147404966,2.3900001,2.3900001,-44.843185,-40.36575227739972,4.5,5.545593,1.0455928,6.0,5.67451,0.32549,4.0,3.4428964,0.55710363,6.0,6.3884435,0.38844347
135,137,train,0.20752815673831096,0.5485285693060968,1.9691128,1.1999999999998678,1.9526933650480807,2.411,2.4122,-24.96325,-26.91594257159105,4.0,7.4297667,3.4297667,1.0,4.2813964,3.2813964,3.4,3.5038989,0.10389876,4.0,5.0613894,1.0613894
136,138,train,0.21276415007794014,0.5461093269451757,1.7623103,1.800099999999638,5.26014540949712,2.3989999,2.4008,-38.7153,-33.455156104174755,0.5,5.46745,4.96745,7.0,6.0259056,0.9740944,2.0,2.6432595,0.6432595,5.5,5.964437,0.464437
137,139,train,0.1528762287709328,0.33630076987535523,1.0262207,0.6000999999997703,2.300565786508372,2.4188001,2.4182,-28.787477,-26.48691170677776,8.5,7.437474,1.0625262,3.0,4.129028,1.1290278,4.0,2.9172578,1.0827422,5.0,4.1694136,0.83058643
138,140,train,0.04757760205765546,0.10696415091915774,0.86783,0.6001000000002144,0.9135933784313721,2.4260001,2.4254,-25.81377,-24.90017691575808,8.5,9.25919,0.7591896,6.5,4.636638,1.8633618,2.8,2.8863888,0.08638883,2.0,2.7623796,0.76237965
139,141,train,0.16501700938875616,0.3381867712263461,1.2031626,0.0,2.1040313089028793,2.4188001,2.4188001,-28.663752,-26.559720293269972,4.0,7.2293673,3.2293673,4.0,4.215226,0.21522617,2.0,2.7946508,0.7946508,3.5,4.0734057,0.57340574
140,142,train,0.05175165378583085,0.13068127243500968,1.1605093,0.0,1.1214286498873278,2.4272001,2.4272001,-25.744907,-24.623478729263063,10.0,10.29623,0.29623032,4.0,4.8040395,0.8040395,4.6,3.4517977,1.1482022,5.0,2.6064343,2.3935657
141,143,train,0.3402733610070857,0.7392520897730717,2.0484395,0.0,0.2705390811250936,2.4008,2.4008,-37.19646,-37.46699980500205,9.5,6.0167613,3.4832387,3.5,4.6859965,1.1859965,4.2,2.89753,1.3024697,8.0,5.777947,2.222053
142,144,train,0.2745844450172322,0.4852157877961644,1.3123287,3.599899999999767,0.6595917214940705,2.2976,2.3011999,-15.430288,-14.770696593325265,4.5,2.0333538,2.4666462,2.0,4.0539002,2.0539002,4.2,4.0771484,0.12285137,10.0,9.394083,0.605917
143,145,train,0.4041544730723583,0.7694324556763964,1.0866351,1.8000000000002458,2.4838339411380588,2.339,2.3408,-22.689667,-20.205832806908816,4.0,1.8194071,2.180593,6.0,4.2837777,1.7162223,2.8,2.6215763,0.17842364,9.0,8.728699,0.27130127
144,146,validation,0.4116367410060885,0.8493617754644698,2.7699502,1.799799999999685,1.7169803104196575,2.3773999,2.3756001,-30.343903,-32.06088289831028,9.5,6.3613453,3.1386547,1.5,6.016507,4.516507,4.6,3.542149,1.0578508,10.0,7.633212,2.366788
145,147,train,0.1318360999830397,0.24223450281334993,1.5813072,0.0,0.9900406927286802,2.4217999,2.4217999,-26.545885,-25.55584439333089,6.0,7.238261,1.2382612,8.0,4.49293,3.50707,3.4,2.4187145,0.9812856,3.0,3.5986116,0.5986116
146,148,train,0.3306621306803282,0.6489853132340586,0.38592988,5.999800000000111,3.2782245689631058,2.3096001,2.3155999,-16.640575,-13.362350839972441,2.0,2.4558065,0.4558065,3.5,2.9524128,0.54758716,4.0,3.7012684,0.29873157,9.0,9.241594,0.24159431
147,149,train,0.04816676158124808,0.11648843288328724,0.5610516,0.5999000000000976,0.9974544168300099,2.4266,2.4260001,-25.868624,-24.871169316690498,9.5,9.62429,0.12429047,3.0,4.7899528,1.7899528,3.2,3.0373724,0.1626277,2.5,2.6673355,0.16733551
148,150,validation,0.4565591083515866,1.073553754515005,2.3228326,1.1999999999998678,1.8201680618269869,2.3743999,2.3731999,-29.915457,-28.0952887100236,1.0,4.658104,3.658104,1.0,4.5659876,3.5659876,3.8,3.1487677,0.65123224,6.0,7.416007,1.416007
149,151,train,0.0722642457106694,0.14601835199940347,2.095069,0.0,1.4896971298464798,2.4236,2.4236,-26.682714,-25.193017332433794,2.0,8.089681,6.0896807,4.5,4.200263,0.29973698,1.6,2.4252396,0.82523954,2.0,3.165619,1.1656189
150,152,train,0.0624458213780887,0.11950300309672113,2.1378083,0.0,0.7451981932887151,2.4247999,2.4247999,-25.696579,-24.951380786203472,10.5,8.907139,1.5928612,5.0,4.397271,0.60272884,4.8,2.8620355,1.9379647,7.5,3.0823212,4.417679
151,153,train,0.5704738598622039,1.0413744973632035,1.4033594,1.1999000000000315,4.545428919318088,2.3318,2.3329999,-25.144934,-20.599504781243436,7.0,4.2846227,2.7153773,7.5,6.7599316,0.74006844,4.6,3.8532858,0.7467141,10.0,8.588722,1.4112778
152,154,validation,2.0134453656579097,4.022067577615676,1.9911168,65.99999999999983,2.4518826484608507,2.273,2.339,-17.236576,-14.784693431861415,0.0,1.8956747,1.8956747,8.0,3.313148,4.686852,3.4,2.5552893,0.8447108,10.0,9.46277,0.53722954
153,155,train,0.15382507574308352,0.3138226659407648,0.7512908,0.0,1.5969984870458234,2.4188001,2.4188001,-28.071753,-26.47475406117195,6.5,7.3092318,0.80923176,4.5,4.258856,0.24114418,4.2,2.825975,1.3740249,3.5,4.0807624,0.5807624
154,156,validation,1.0102251907506095,2.5247728260935576,1.7699718,9.599899999999995,10.540563166357941,2.3462,2.3366001,-27.588728,-17.048164784691863,6.0,2.241962,3.758038,8.5,5.7987847,2.7012153,3.4,2.9431708,0.4568293,9.0,8.836195,0.16380501
155,157,train,0.33908225199559916,0.7450680621408858,1.6155111,0.6001000000002144,0.6086047062171787,2.4014001,2.4008,-36.046032,-36.654636658121476,9.0,6.044854,2.9551458,5.5,4.5951567,0.90484333,2.0,2.8433957,0.8433957,7.5,5.7413406,1.7586594
156,158,train,0.45413690992464784,0.8673676080679303,0.86507004,1.8000000000002458,1.7545598094118802,2.336,2.3378,-21.067654,-19.31309384659398,1.0,2.5234725,1.5234725,5.5,4.7838507,0.71614933,3.6,2.9945855,0.6054144,8.0,8.615244,0.6152439
157,159,validation,0.06859408662157092,0.12958307194869123,2.831696,0.0,0.20700300505586355,2.4247999,2.4247999,-24.723028,-24.930031188039262,11.0,8.918677,2.0813227,9.0,4.3858814,4.6141186,4.2,2.904046,1.2959538,6.5,3.1646109,3.3353891
158,160,train,0.04551554005370292,0.11030383004068756,1.2237105,0.5999000000000976,0.9024670457597317,2.4266,2.4260001,-25.756687,-24.85422011854691,11.5,9.749244,1.7507563,5.5,4.8096647,0.6903353,1.0,3.110954,2.110954,3.0,2.657204,0.3427961
159,161,train,0.12153770012503248,0.24478306478549902,0.52245945,0.6001000000002144,0.7614057189167838,2.4296,2.4289999,-25.149324,-24.387918698197474,10.5,10.911438,0.411438,4.5,3.9378104,0.5621896,4.4,4.0498366,0.35016346,3.5,2.7339532,0.76604676
160,162,train,0.2580392646796081,0.7345106586988145,1.0279136,3.0000000000001137,4.819960930732762,2.4044001,2.4014001,-35.15617,-30.33620896062466,6.5,8.658735,2.1587353,5.5,5.6714134,0.17141342,1.0,2.4938664,1.4938664,7.0,6.712361,0.28763914
161,163,train,0.3175728072708197,0.8677282007442553,1.7543508,1.8000000000002458,12.984846490717914,2.4026,2.4008,-45.74856,-32.763715368412946,4.5,4.7754183,0.27541828,0.0,3.7759552,3.7759552,3.0,2.214882,0.7851181,3.5,5.6809115,2.1809115
162,164,train,0.1621540791589311,0.3788522241079674,2.5131528,0.0,3.540450725309306,2.4188001,2.4188001,-30.073172,-26.53272089029128,1.5,7.282116,5.782116,1.5,4.013914,2.513914,1.6,2.8104389,1.2104388,3.5,4.0461426,0.5461426
163,165,validation,0.8575176698284005,2.2631212612330254,2.061986,10.199799999999648,10.405801480393933,2.3857999,2.3756001,-37.414417,-27.00861578645177,0.5,4.5077333,4.0077333,6.0,3.601818,2.398182,2.0,3.4626677,1.4626677,6.5,6.8793616,0.37936163
164,166,validation,0.18372240079892313,0.38618303694937595,0.9989937,1.1999000000000315,1.4874475314122257,2.414,2.4128001,-29.9753,-28.487852303792852,8.5,6.6636477,1.8363523,4.5,5.229336,0.7293358,3.2,2.5223799,0.6776202,5.5,4.7473335,0.7526665
165,167,validation,0.25187453957163325,0.5318559997148314,0.48549545,0.0,1.4681418544322256,2.3018,2.3018,-16.668238,-15.200095831725001,1.5,2.3375118,0.8375118,4.5,4.8638725,0.36387253,4.4,3.9370077,0.46299243,9.0,9.277605,0.27760506
166,168,train,1.654397176438418,3.7493882656557336,1.170568,29.99989999999997,9.636564904864287,2.369,2.3989999,-23.239014,-32.87557857673929,3.0,5.014134,2.014134,1.5,2.8120255,1.3120255,3.2,2.9303637,0.2696364,7.0,5.9135237,1.0864763
167,169,train,0.13224913018498563,0.25103068490342784,2.141718,0.0,2.027180912005342,2.4217999,2.4217999,-27.72811,-25.70092844773587,5.0,7.0075617,2.0075617,1.5,4.516032,3.0160322,4.8,2.2410252,2.558975,2.5,3.484302,0.98430204
168,170,train,0.31215533646345894,0.7268777407082957,2.2976007,0.5999000000000976,4.475729973836948,2.3828001,2.3834,-36.914482,-32.43875214286227,1.0,4.120224,3.120224,1.0,5.962982,4.962982,1.6,2.577037,0.9770371,7.0,6.869841,0.1301589
169,171,train,0.4572036090724316,0.8492379291120155,2.5623367,8.99979999999978,0.3852318167101032,2.2922001,2.3011999,-14.04914,-13.663908159791362,7.0,2.0192063,4.980794,0.0,3.3551414,3.3551414,4.8,4.4076138,0.39238644,8.0,9.521025,1.5210247
170,172,train,1.6859596953740312,3.9140391438479973,2.6901612,31.19990000000028,10.541881369840361,2.3678,2.3989999,-25.585033,-36.12691478658841,9.0,5.3350496,3.6649504,0.5,2.4908752,1.9908752,4.6,3.0358722,1.5641277,9.5,5.959309,3.540691
171,173,train,0.2774437758720478,0.6658974028122281,1.954077,3.600099999999884,1.1833052463325586,2.4326,2.4289999,-23.700314,-24.883618814447793,12.0,10.977022,1.0229778,8.0,4.4332533,3.5667467,4.2,4.4049892,0.20498943,6.0,2.9784057,3.0215943
172,174,train,0.05284260201064124,0.1309926971424334,2.309894,0.0,1.5556014076651508,2.4242001,2.4242001,-26.667463,-25.111861894947154,2.0,8.390384,6.3903837,3.5,4.2453613,0.7453613,1.4,2.4707847,1.0707847,2.0,3.0330472,1.0330472
173,175,validation,0.04648607104598529,0.11691789860954137,1.650058,0.0,1.3906586342153417,2.4247999,2.4247999,-26.439112,-25.048453075379385,11.5,8.534778,2.9652224,2.5,4.276793,1.776793,2.2,2.5662847,0.3662846,4.5,3.0080678,1.4919322
174,176,train,0.24974345887110558,0.5953787249558213,1.2323813,0.6001000000002144,0.7971706151593878,2.3798001,2.3792,-35.6674,-34.870229744948034,5.5,5.4505014,0.049498558,6.0,7.3039384,1.3039384,1.0,2.8658357,1.8658357,9.0,7.289747,1.7102528
175,177,validation,0.24630476154911796,0.5955795694748629,1.5633801,1.1999999999998678,2.6451347054691965,2.408,2.4092,-30.856468,-28.211333495214397,6.5,7.686857,1.1868572,8.0,4.0979285,3.9020715,2.4,3.5608602,1.1608601,5.5,5.5037317,0.0037317276
176,178,train,0.26568778091742135,0.5563305359383532,2.430584,0.0,0.580665233697303,2.4008,2.4008,-38.26883,-37.68816411200582,0.5,5.097598,4.597598,1.5,4.5144696,3.0144696,3.6,2.6262865,0.9737134,4.5,5.6365547,1.1365547
177,179,train,0.19542559700903683,0.5146493940751417,1.7366259,1.8001000000000822,3.706202800830237,2.4308,2.4289999,-20.961018,-24.667220409472815,11.0,10.808776,0.1912241,1.0,3.9335253,2.9335253,5.0,4.3851366,0.6148634,6.5,3.293109,3.206891
178,180,train,0.16292956492285177,0.35268737381498105,1.7245678,0.5997999999998171,0.18032433815722726,2.4133999,2.4128001,-28.57698,-28.396656252663085,8.5,6.910204,1.5897961,9.0,5.0002136,3.9997864,2.2,2.7704408,0.57044077,5.5,4.761752,0.7382479
179,181,train,0.12362603353114497,0.22480842259506514,1.8664517,0.0,1.0090882850431804,2.4224,2.4224,-26.51123,-25.50214218370682,5.5,7.3451014,1.8451014,7.0,4.4030347,2.5969653,4.4,2.3793683,2.0206318,2.5,3.5031087,1.0031087
180,182,validation,0.9185296802248025,2.9282494438610818,3.6802728,7.80010000000031,15.8871811688179,2.4044001,2.3966,-45.727596,-29.840415114141084,2.0,9.033397,7.0333967,3.0,7.9436207,4.9436207,1.2,1.5693475,0.36934745,6.0,8.374726,2.3747263
181,183,train,0.4106590162817631,0.7433896510474526,1.5017848,1.1999999999998678,0.2391088476976293,2.3413999,2.3401999,-19.156136,-19.39524440677966,4.0,2.154558,1.845442,1.5,3.6243324,2.1243324,1.8,2.8182359,1.0182359,9.5,8.480871,1.0191288
182,184,validation,0.04836160215933123,0.11365324100628144,1.0791965,0.5999000000000976,0.9279207717982985,2.4266,2.4260001,-25.801973,-24.87405257109721,8.0,9.592254,1.5922537,4.0,4.774246,0.7742462,4.8,3.0264647,1.7735355,2.5,2.6767504,0.17675042
183,185,train,0.08074531243874929,0.15589221055255192,1.0437161,0.0,1.061246780768549,2.4236,2.4236,-26.254272,-25.19302568016895,9.0,8.034148,0.9658518,6.5,4.220383,2.2796168,3.2,2.4884093,0.71159077,3.5,3.282195,0.21780491
184,186,train,0.08513770618908893,0.17527397897900654,0.9472183,0.0,1.7224479768943617,2.4236,2.4236,-27.026281,-25.30383337991716,7.0,7.8703136,0.87031364,2.5,4.2025504,1.7025504,1.4,2.361848,0.96184814,3.5,3.245839,0.25416088
185,187,validation,0.04807101690422425,0.11793021775455502,1.841336,0.5999000000000976,1.0316932605940181,2.4266,2.4260001,-25.902163,-24.870469291285865,11.0,9.63032,1.3696804,0.5,4.79343,4.29343,2.0,3.037928,1.0379281,2.0,2.6643057,0.6643057
186,188,validation,0.328988592357045,1.0759954227827075,2.3737092,1.8000000000002458,17.817450523881682,2.4026,2.4008,-50.917767,-33.10031604716324,5.5,4.4093375,1.0906625,0.0,3.557424,3.557424,4.6,2.0843153,2.5156846,3.5,5.831065,2.3310652
187,189,train,0.14780052357230114,0.30299226148725594,2.3921766,0.0,2.6860554474726825,2.4200001,2.4200001,-28.712198,-26.026142809973607,1.0,6.9247694,5.9247694,2.5,4.532175,2.032175,2.8,2.463346,0.33665395,2.5,3.7751088,1.2751088
188,190,train,0.05385155469643885,0.12725750216378184,1.2153901,1.1999000000000315,0.9445299095949977,2.4277999,2.4266,-25.574266,-24.629736524120823,12.0,10.271426,1.7285738,3.0,4.779829,1.779829,2.2,3.4406507,1.2406507,2.5,2.6125069,0.11250687
189,191,train,0.5740364136163092,1.0192436262374611,1.7213215,10.199999999999765,1.1079501480783573,2.2567999,2.2465999,-10.399568,-9.291617455986584,3.5,0.42513674,3.0748632,0.0,0.83602685,0.83602685,3.0,4.1383457,1.1383457,8.0,9.83605,1.83605
190,192,train,0.33754918572962467,0.8408502909357565,2.4702432,0.6001000000002144,1.7608226349970977,2.3887999,2.3894,-33.265484,-35.02630649119827,7.5,4.162513,3.3374872,0.5,3.9108658,3.4108658,1.2,2.4428825,1.2428825,8.5,6.610263,1.8897371
191,193,train,0.19252632801742622,0.561227255352978,1.765861,1.799800000000129,2.615458439877628,2.4031999,2.4014001,-34.803814,-32.188355494448544,11.0,7.629211,3.370789,5.0,5.3870263,0.3870263,1.4,2.1775904,0.7775904,9.0,6.4719615,2.5280385
192,194,validation,0.13037865012501784,0.2397129711283388,2.055255,0.0,1.7122793083839056,2.4224,2.4224,-27.33506,-25.622780811245,4.0,7.147545,3.1475449,2.5,4.3792586,1.8792586,4.0,2.2662299,1.7337701,2.0,3.460446,1.4604459
193,195,validation,0.3646231473812338,0.7692148441441734,1.807949,0.6000999999997703,0.810603258725763,2.3803999,2.381,-33.32422,-34.13482200872576,0.5,5.326911,4.826911,6.0,6.8492894,0.8492894,3.4,2.9302714,0.4697287,6.0,7.0858665,1.0858665
194,196,train,0.056506079939929184,0.11883020034155667,1.325141,0.0,0.8965148567196373,2.4242001,2.4242001,-25.966736,-25.070220983124113,9.0,8.377087,0.62291336,6.5,4.2567744,2.2432256,4.2,2.597519,1.6024809,4.0,3.168056,0.831944
195,197,train,0.050020645963450364,0.1130553973423321,0.3864876,0.0,0.9962714989211641,2.4254,2.4254,-25.92959,-24.933318726298562,8.5,9.096112,0.59611225,5.0,4.5641,0.4359002,2.6,2.8134933,0.21349335,2.5,2.8004446,0.3004446
196,198,validation,0.29130543478875287,0.8824083045163102,2.2283735,0.0,11.188004128413539,2.3984001,2.3984001,-43.83244,-32.64443529419388,9.5,6.779882,2.720118,3.0,6.790666,3.790666,3.4,2.2032442,1.1967559,8.0,6.794046,1.2059541
197,199,train,0.3410245796156571,0.7163062431251117,2.9506516,0.5997999999998171,0.14827031138912616,2.3798001,2.3803999,-33.47901,-33.62728184703366,1.0,5.417448,4.417448,1.0,6.8944187,5.8944187,3.2,2.8857923,0.3142078,6.0,7.1765313,1.1765313
198,200,train,0.06491560263762428,0.13551111683388212,1.1110051,0.5998000000002612,0.8115602950922138,2.4277999,2.4272001,-25.233526,-24.421965934766185,11.0,10.456528,0.5434723,7.5,4.6237473,2.8762527,4.0,3.621263,0.37873697,2.0,2.6455584,0.64555836
199,201,train,0.3430212246507159,0.6807903280944253,0.27456364,1.8000000000002458,0.2911342058511366,2.2478001,2.2460001,-9.996029,-10.287163105997621,0.5,0.4474576,0.05254239,0.5,0.81353635,0.31353635,4.2,4.880953,0.680953,10.0,9.948777,0.0512228
200,202,train,0.16857025347161697,0.43549950042941427,1.4416279,0.0,3.0409759721130314,2.4260001,2.4260001,-21.078432,-24.119408055242914,8.5,9.774977,1.2749767,1.0,4.305987,3.305987,4.0,3.6980934,0.3019066,2.5,3.3836412,0.88364124
201,203,train,1.7612876722697237,4.085899802085869,2.5197146,31.19990000000028,8.753415122539543,2.3678,2.3989999,-28.41263,-37.1660452037163,1.0,4.9113936,3.9113936,6.0,2.093013,3.906987,2.2,2.849841,0.64984107,7.5,5.8893633,1.6106367
202,204,train,0.044819255662006556,0.099509156857877,0.7677484,0.6000999999997703,1.0242729059512463,2.4254,2.4247999,-25.982979,-24.958705914849535,9.0,8.868158,0.13184166,5.5,4.4355254,1.0644746,4.0,2.723424,1.276576,3.5,2.9018986,0.5981014
203,205,validation,0.04426751882773679,0.1041727581239739,1.6557169,0.5999000000000976,0.3541725314920008,2.4266,2.4260001,-25.225399,-24.871226485841984,9.0,9.647386,0.6473856,9.0,4.721262,4.278738,4.6,3.1481724,1.4518275,2.5,2.7449162,0.2449162
204,206,train,0.33579762968006177,0.7927956765675501,0.537983,1.2002000000004287,2.2450446087447773,2.3743999,2.3756001,-28.17156,-30.416604896220363,4.5,4.7860255,0.28602552,3.5,4.447427,0.9474268,3.8,3.182127,0.61787295,7.0,7.3006067,0.30060673
205,207,train,0.05174702109854548,0.1202785333609407,0.8239626,0.0,1.145123785273384,2.4254,2.4254,-26.08582,-24.94069545911138,9.5,9.030284,0.46971607,3.0,4.539402,1.539402,1.8,2.7776737,0.97767377,2.5,2.8090587,0.30905867
206,208,train,0.22817738702262141,0.6209223097113219,1.557524,0.0,4.874509308874419,2.4092,2.4092,-34.077477,-29.202967192590425,9.5,7.4942856,2.0057144,1.5,3.794163,2.294163,2.6,3.4635708,0.8635709,6.5,5.4333525,1.0666475
207,209,train,0.15282102278214965,0.3459709743463564,1.9991535,0.6000999999997703,1.7577636423448055,2.4182,2.4188001,-28.234667,-26.476903181996015,2.5,7.397624,4.897624,6.0,4.1347656,1.8652344,3.0,2.8855042,0.114495754,3.0,4.11926,1.1192598
208,210,train,0.12400742821021796,0.2344668206766141,1.6898122,0.0,1.8430935605919672,2.4224,2.4224,-27.43891,-25.59581597004768,9.5,7.2355022,2.2644978,0.5,4.3665466,3.8665466,2.2,2.280419,0.08041906,4.0,3.4522145,0.5477855
209,211,train,0.06859897177555531,0.1515274264259354,1.5368419,0.6001000000002144,1.6772352912689428,2.4236,2.4242001,-26.863182,-25.18594677660215,6.5,8.148978,1.6489782,0.5,4.188777,3.688777,2.6,2.4223006,0.17769933,2.5,3.1319132,0.6319132
210,212,train,0.2738048918824917,0.5703716445762813,1.8659338,0.5998999999996535,0.10326959869704666,2.3762,2.3756001,-33.4749,-33.37162969329514,1.0,5.558004,4.558004,7.0,5.778245,1.221755,2.2,3.425667,1.225667,7.0,7.458309,0.45830917
211,213,validation,0.05401045822987005,0.10958044866832388,2.3040905,0.6001000000002144,1.132143049165336,2.4260001,2.4254,-26.002125,-24.869981737211617,12.0,9.422306,2.577694,4.0,4.6550636,0.6550636,3.8,3.0124545,0.78754544,8.0,2.8039408,5.196059
212,214,train,1.919067892336897,4.477005647387947,2.310305,39.00000000000014,3.605518784057825,2.3599999,2.3989999,-27.072203,-30.677721466552942,5.0,5.911898,0.91189814,6.0,3.3550653,2.6449347,1.4,3.5333858,2.1333857,9.5,5.9489985,3.5510015
213,215,train,0.32487705439737435,0.8271848350269682,2.1037521,2.3998999999998993,1.8392176530960285,2.378,2.3756001,-26.503601,-28.34281872731478,2.0,5.4447594,3.4447594,2.5,5.292597,2.7925968,4.2,3.2706804,0.9293194,6.0,7.2483335,1.2483335
214,216,train,0.049535898789650555,0.11362971335090646,0.76554185,0.6001000000002144,1.017181437532674,2.4260001,2.4254,-25.946526,-24.929344136197795,9.5,9.117353,0.38264656,3.5,4.575402,1.0754018,2.0,2.8158293,0.8158293,2.0,2.7882898,0.7882898
215,217,validation,0.23935977443088693,0.684758358881494,1.3704257,0.5998000000002612,10.855435564722846,2.3989999,2.3984001,-43.079037,-32.22360114792364,8.0,5.7550125,2.2449875,4.0,6.134887,2.1348872,2.8,2.5740473,0.22595263,7.0,6.1241245,0.8758755
216,218,train,0.41549686530204977,0.7413923667084636,1.1903305,0.0,0.5705884323739134,2.3396001,2.3396001,-18.727484,-19.298072181763562,0.5,2.1512146,1.6512146,3.0,3.728735,0.72873497,4.2,2.8494995,1.3505003,7.5,8.530872,1.0308723
217,219,train,0.17069480983704413,0.44979462036186035,3.705942,0.0,3.1762318831060554,2.4242001,2.4242001,-21.35586,-24.532091639575782,1.5,9.173697,7.6736975,1.0,4.294215,3.2942152,1.2,3.4192176,2.2192175,2.0,3.6366377,1.6366377
218,220,validation,0.30219712128532555,0.8128504162776362,0.64623696,0.0,6.345157026586399,2.3840001,2.3840001,-40.12677,-33.78161299294485,5.0,5.0356007,0.035600662,6.0,4.7702365,1.2297635,4.0,3.013425,0.9865749,6.5,6.833009,0.33300877
219,221,train,0.1409091378468006,0.2592808002113529,2.2606924,0.0,1.5344733889228763,2.4212,2.4212,-27.254719,-25.720245391594702,1.0,6.9973354,5.9973354,6.0,4.5480514,1.4519486,1.4,2.360267,0.96026695,3.0,3.6332188,0.63321877
220,222,train,0.19961407282534727,0.4288243230046061,3.270957,0.0,2.6900676093606783,2.4182,2.4182,-23.164246,-25.85431321482943,1.0,8.005022,7.005022,1.0,4.4398127,3.4398127,1.6,3.2705793,1.6705793,3.5,4.4684143,0.9684143
221,223,validation,0.2513712896056891,0.5582092860251061,1.3448775,0.0,3.5898779928740723,2.4164,2.4164,-30.208303,-26.618425458664014,3.5,6.476316,2.976316,3.0,4.283902,1.2839022,1.8,2.584094,0.7840941,4.0,4.3351974,0.33519745
222,224,train,0.07875963929531195,0.16308302052854684,0.9675219,0.6000999999997703,0.9487616040154911,2.4284,2.4277999,-25.199608,-24.250846245105603,11.0,10.580982,0.4190178,6.5,4.4264255,2.0735745,3.2,3.777601,0.57760096,3.5,2.7001057,0.79989433
223,225,train,0.43872680214318294,0.9331067772396736,1.3607836,3.5999000000002113,0.7267972595159247,2.3197999,2.3162,-15.364357,-14.637559735112982,2.5,2.538752,0.03875208,0.5,3.750473,3.250473,4.8,3.6665492,1.133451,8.0,9.020458,1.0204582
224,226,train,0.19788630903802007,0.6179183899963918,1.5426998,0.0,9.834852707591565,2.3984001,2.3984001,-44.838593,-35.00373982170531,6.5,7.5819254,1.0819254,2.5,7.166769,4.666769,1.6,1.9002213,0.30022132,7.0,7.1218834,0.12188339
225,227,train,0.050512010231766,0.1292865847660421,2.2232451,0.6000999999997703,1.507176860104284,2.4254,2.4247999,-26.474602,-24.967424885501185,12.0,8.837227,3.1627731,1.5,4.4197245,2.9197245,2.0,2.6787424,0.6787424,5.0,2.8682594,2.1317406
226,228,validation,0.2755679156508019,0.5401413178654457,1.0878716,3.599899999999767,1.7715080747464533,2.2976,2.3011999,-17.669132,-15.897624157919562,0.5,1.8678778,1.3678778,6.0,4.8695607,1.1304393,2.6,3.897497,1.297497,10.0,9.444328,0.5556717
227,229,train,0.16340736927727362,0.3896950160008444,1.0069535,0.6001000000002144,1.7070483997872579,2.4122,2.4128001,-30.816444,-29.1093959971854,5.0,6.5511513,1.5511513,5.5,4.558742,0.94125795,1.6,2.870922,1.2709221,5.0,4.7355175,0.2644825
228,230,train,0.19455552204382384,0.4734065135972939,1.8194458,1.1999999999998678,1.7874339754421982,2.3996,2.4008,-36.888393,-35.10095942665741,2.0,5.1380444,3.1380444,7.0,5.9833527,1.0166473,4.6,2.7669017,1.8330982,4.5,5.7899933,1.2899933
229,231,validation,0.24265663232937557,0.5886651620294358,1.8740215,0.6001000000002144,1.6366700625523976,2.375,2.3756001,-29.926508,-31.5631780123815,8.5,5.1358237,3.3641763,2.5,4.921923,2.4219232,3.2,3.2559962,0.05599618,9.0,7.3460093,1.6539907
230,232,validation,0.26018706424521554,0.723892805156651,0.9076003,0.5997999999998171,2.122133894321763,2.4103999,2.4098001,-33.28437,-31.162236528041518,7.0,5.919637,1.0803628,3.0,3.8590143,0.8590143,2.2,3.3346858,1.1346858,5.5,4.9436617,0.5563383
231,233,validation,1.8643458059264402,4.277324069921864,0.8568085,37.79980000000016,6.098958334019763,2.3612001,2.3989999,-24.169598,-30.268555959752184,5.0,5.635255,0.63525486,3.0,3.501115,0.5011151,3.2,3.3870323,0.18703222,8.0,5.896168,2.1038318
232,234,validation,0.05350877687336718,0.12285881530909241,1.5856913,0.6000999999997703,1.268764584566668,2.4254,2.4247999,-26.25569,-24.98692503640501,5.0,8.785047,3.7850466,4.0,4.411052,0.41105223,1.4,2.669117,1.269117,2.0,2.8775496,0.87754965
233,235,validation,0.4012949549063222,0.7244125067257119,0.8598145,6.599899999999881,1.2633549064109229,2.2946,2.3011999,-15.457977,-14.194622388510952,3.5,1.8552716,1.6447284,3.0,3.663542,0.66354203,3.6,4.212843,0.61284304,10.0,9.481855,0.5181446
234,236,validation,0.1797534642336708,0.4825079544916537,2.3903384,0.5997999999998171,1.071363495257188,2.4103999,2.4098001,-31.183685,-30.112321807477187,11.5,6.4250865,5.0749135,4.0,3.9354823,0.06451774,2.0,3.357738,1.357738,8.0,4.935815,3.0641851
235,237,train,0.041751931415104526,0.09607219413799883,1.000016,0.5999000000000976,0.6462635102768317,2.4266,2.4260001,-25.51739,-24.87112578720852,9.0,9.654957,0.6549568,7.0,4.764992,2.2350078,4.0,3.0843048,0.9156952,2.5,2.694404,0.19440389
236,238,train,0.051162706271079,0.11489759012739251,0.47037482,0.0,1.1618050931414885,2.4247999,2.4247999,-26.171234,-25.009429037717887,8.5,8.728012,0.22801208,4.0,4.3803043,0.38030434,1.8,2.6570396,0.8570397,2.5,2.9161432,0.41614318
237,239,validation,1.808647131304159,4.4951288649481835,2.098392,14.40000000000019,0.6581855931335099,2.4068,2.3924,-36.014767,-35.356581099981724,10.0,7.414034,2.585966,1.5,4.4256797,2.9256797,1.6,4.3107586,2.7107587,7.5,7.6711636,0.17116356
238,240,validation,0.10235645925833751,0.20114654057623396,0.22824782,0.5999000000000976,0.9184570591201862,2.4289999,2.4284,-25.176754,-24.258296938682548,11.0,10.7595825,0.24041748,4.5,4.2359886,0.26401138,3.8,3.899022,0.09902215,3.0,2.6904597,0.30954027
239,241,validation,0.13169978373703312,0.2564334320854462,0.71908116,0.6001000000002144,0.7039537929376465,2.4296,2.4289999,-25.076553,-24.372599551788916,11.5,10.881828,0.6181717,5.0,3.8260193,1.1739807,3.8,4.0778975,0.2778976,2.0,2.8062747,0.80627465
240,242,train,0.20892324495392933,0.44818166916755003,2.1886153,0.0,1.4619425568374211,2.4175999,2.4175999,-28.06786,-26.605917092820782,10.0,7.248973,2.751027,7.0,4.173688,2.826312,1.4,2.924634,1.524634,6.0,4.3475122,1.6524878
241,243,train,0.27189252914442563,0.597137082334192,0.48244786,0.0,3.119603307655865,2.4008,2.4008,-41.21952,-38.09991726119179,4.0,5.364419,1.364419,5.0,4.8067417,0.19325829,2.6,2.7428627,0.1428628,5.5,5.7292514,0.22925138
242,244,train,1.8132226167996444,4.178342280779752,2.7325463,38.39990000000037,6.869735439079328,2.3606,2.3989999,-22.062075,-28.93181010033421,2.0,5.642812,3.6428118,2.0,3.332912,1.332912,1.0,3.4490557,2.4490557,9.5,5.9945946,3.5054054
243,245,train,1.6864329356939887,4.068426246927206,3.4265475,28.199900000000167,2.0513457573427303,2.3708,2.3989999,-35.971638,-38.02298348317281,8.0,5.2437477,2.7562523,8.5,2.3288448,6.171155,1.6,2.8672504,1.2672504,9.5,5.9884677,3.5115323
244,246,train,0.05885903187387936,0.12650505782622531,0.7920633,0.6001000000002144,1.3193429487964252,2.4236,2.4242001,-26.448076,-25.12873329937252,9.5,8.246045,1.2539549,5.0,4.2303104,0.76968956,2.8,2.4889956,0.3110044,4.0,3.1663957,0.83360434
245,247,train,0.30160428611276385,0.8676094355099639,2.1755476,1.8001000000000822,15.839641722920419,2.3966,2.3984001,-49.678,-33.838359680888175,9.0,8.219,0.78100014,2.0,8.22208,6.22208,1.2,1.8814762,0.6814761,8.5,7.4823656,1.0176344
246,248,train,0.1524781278663424,0.383457515155891,1.1103392,0.0,0.3172087769577274,2.4122,2.4122,-29.384668,-29.067459573262,8.0,6.734915,1.2650852,6.5,4.5798173,1.9201827,3.6,3.040396,0.5596039,5.5,4.8035154,0.69648457
247,249,train,1.9370913542488641,4.561420814774754,2.4473543,39.59990000000025,2.5674653296034364,2.3594,2.3989999,-28.6393,-31.20676472230363,4.5,6.058675,1.5586748,7.5,3.2311227,4.268877,2.2,3.6228201,1.4228201,8.5,5.960954,2.5390458
248,250,train,0.2894205821304586,0.553464043015708,1.7895817,1.799800000000129,2.054685543613772,2.4073999,2.4056001,-30.140182,-28.085496951503416,9.5,8.013767,1.4862328,8.0,4.262883,3.7371168,3.0,3.8557658,0.8557658,7.0,5.920789,1.0792112
249,251,validation,1.125694145055882,2.9474410232120953,2.2710958,14.40000000000019,2.4797241270304298,2.4068,2.3924,-33.18152,-35.66124268171793,11.5,7.6857333,3.8142667,4.0,4.282568,0.28256798,1.2,4.1860714,2.9860713,9.0,6.9985228,2.0014772
250,252,validation,0.06805620167878645,0.15592897612447632,1.1871635,0.6001000000002144,1.8217476149507945,2.4236,2.4242001,-27.00135,-25.179602787881237,7.5,8.133938,0.63393784,3.0,4.1896944,1.1896944,5.0,2.4165907,2.5834093,3.5,3.1583877,0.34161234
251,253,train,0.06775724094643094,0.13487527792530568,0.43377495,0.0,1.2951728221629075,2.4236,2.4236,-26.465206,-25.170033324077327,8.0,8.125849,0.12584877,5.5,4.2271256,1.2728744,2.6,2.4577255,0.14227438,3.0,3.1941023,0.19410229
252,254,train,1.7158114155653592,3.9284903970700675,2.515754,31.80000000000005,9.54871042244141,2.3671999,2.3989999,-25.115574,-34.66428430549805,0.0,5.0637894,5.0637894,4.0,2.4639382,1.5360618,1.6,2.9826927,1.3826927,8.0,5.919528,2.080472
253,255,train,0.32811010954194,0.7422704357597635,0.596163,0.0,4.0962476502080065,2.381,2.381,-43.414932,-39.318684600768556,4.5,5.533233,1.0332332,7.5,7.662873,0.16287279,4.0,3.3028123,0.69718766,6.5,6.9913583,0.49135828
254,256,train,0.35482619889747014,0.7432661858564068,0.8983413,2.3998999999998993,4.062831435767713,2.3239999,2.3216,-22.931492,-18.868660416038928,2.0,3.157436,1.1574359,9.0,7.7032647,1.2967353,2.0,2.8026881,0.8026881,9.5,9.163494,0.3365059
255,257,train,0.3292542115797618,0.7202556849124686,0.48568112,0.5998000000002612,4.8195498224630455,2.3942001,2.3947999,-39.58745,-34.76789829765414,2.5,3.0612316,0.5612316,3.5,2.472011,1.0279889,1.2,1.3919377,0.19193769,7.0,6.8384337,0.16156626
256,258,validation,1.4627510819159646,3.5985297035115855,2.2344298,19.800200000000157,15.267443637144872,2.3701999,2.3900001,-20.9111,-36.178544024718114,2.0,5.076133,3.0761328,0.0,3.241654,3.241654,4.0,3.0635476,0.9364524,4.5,6.18348,1.6834798
257,259,train,0.05135543046435278,0.11952481594678742,0.949544,0.6001000000002144,1.0867873202622391,2.4260001,2.4254,-26.007587,-24.92080011259909,8.0,9.153351,1.1533508,3.5,4.601147,1.1011472,3.6,2.8263206,0.77367926,2.0,2.7699988,0.7699988
258,260,train,0.15920419262379262,0.35657815816784394,2.6531472,0.0,0.6487604505927891,2.4128001,2.4128001,-27.20035,-27.849110258332047,11.0,7.399127,3.600873,7.5,4.93315,2.5668502,4.0,3.1296396,0.8703604,8.5,4.925495,3.5745049
259,261,train,0.29039616147656416,0.8068749825249887,0.415946,0.6001000000002144,3.911971270364539,2.3840001,2.3834,-36.648617,-32.736645520406945,4.5,4.573456,0.07345581,5.5,4.809388,0.69061184,3.4,2.8203297,0.5796704,6.5,6.820046,0.32004595
260,262,train,0.22380697022506904,0.5009006161901954,1.7537811,0.6001000000002144,4.286793247039615,2.4164,2.4170001,-30.915089,-26.62829540652484,3.0,6.3227587,3.3227587,2.0,4.5483527,2.5483527,2.8,2.4241405,0.3758595,3.5,4.268153,0.7681532
261,263,train,0.18842953689643796,0.41305971650269924,2.8532546,0.5997999999998171,1.381678801801403,2.4170001,2.4175999,-27.903778,-26.522099274370472,10.0,7.082278,2.9177222,9.0,4.4702864,4.5297136,1.0,2.791679,1.7916789,6.5,4.3260965,2.1739035
262,264,train,0.19789828010545302,0.4400805542250748,3.2084613,1.1999000000000315,1.5452204104560536,2.4164,2.4175999,-28.167082,-26.62186142242969,1.0,6.811985,5.811985,7.5,4.6140366,2.8859634,5.0,2.6309304,2.3690696,2.5,4.2668266,1.7668266
263,265,train,1.6766732273207308,3.9026336020566146,2.9612126,31.19990000000028,11.413252702385286,2.3678,2.3989999,-25.128424,-36.541676393181184,11.5,5.487509,6.012491,0.0,2.5759995,2.5759995,3.8,3.079766,0.7202339,8.5,5.963874,2.5361261
264,266,train,0.4072253548109242,1.1051431920688533,2.3120625,2.3999000000003434,8.903784612249972,2.3870001,2.3894,-40.90461,-32.00082506792581,6.5,4.110556,2.3894439,8.0,3.507059,4.492941,4.6,2.7280204,1.8719795,7.0,6.506114,0.493886
265,267,train,0.055913319580078835,0.1372411543844183,2.7498996,0.0,1.6492688476170123,2.4242001,2.4242001,-26.765982,-25.116712826577324,1.5,8.3842,6.8842,2.0,4.236632,2.2366319,1.6,2.459977,0.8599769,2.0,3.018789,1.018789
266,268,validation,0.5453735674644842,1.5136306058919842,2.2574587,4.7999999999999154,6.2650489598864,2.3882,2.3834,-38.571266,-32.306217214430006,1.0,4.019134,3.019134,5.5,3.8402286,1.6597714,4.8,2.3414178,2.4585824,5.0,6.892347,1.8923469
267,269,train,1.8893644764962536,4.5779916029888135,2.0938866,37.800099999999674,4.054943403265312,2.3629999,2.4008,-35.325626,-31.270682970025703,5.0,5.594871,0.59487104,9.0,4.2158933,4.7841067,4.8,3.4158487,1.3841515,7.5,5.887583,1.6124172
268,270,train,0.1736749771974497,0.38267493487599613,2.751813,0.0,1.0040450743339306,2.4175999,2.4175999,-27.431898,-26.4278530427315,12.0,7.448412,4.551588,7.0,4.27176,2.72824,2.4,2.9873562,0.5873561,7.5,4.359932,3.140068
269,271,train,0.29987976205012085,0.8081368696217408,1.2842938,0.0,4.202576303501644,2.3840001,2.3840001,-29.473665,-33.6762415409284,3.0,4.6255913,1.6255913,2.5,4.472177,1.972177,3.8,2.963226,0.8367739,6.0,6.702633,0.7026329
270,272,train,0.30116365259257477,0.8048439530787873,0.68257993,0.5997999999998171,1.6362172096102938,2.3845999,2.3840001,-38.43784,-36.80162229844635,5.0,5.7068067,0.70680666,5.5,4.258619,1.2413812,4.0,3.5727336,0.42726636,6.5,6.8548656,0.35486555
271,273,train,0.07535294539190472,0.1463434214593795,1.0218006,0.0,1.2982673575615067,2.4236,2.4236,-26.526905,-25.228637702252946,6.5,8.013722,1.5137224,5.5,4.228169,1.271831,3.0,2.430261,0.5697391,2.5,3.23191,0.73191
272,274,train,2.0385510854871467,4.848177578813105,3.3469682,42.59990000000036,1.332690650706681,2.3564,2.3989999,-31.087011,-32.419701987986954,8.5,6.701689,1.7983112,9.0,2.735794,6.264206,2.4,4.0132666,1.6132665,10.0,6.2879105,3.7120895
273,275,train,0.21993797019791306,0.5470623279949781,1.0184222,1.800099999999638,1.876040279270157,2.3989999,2.4008,-35.59677,-33.72073096096422,4.0,5.533924,1.5339241,8.0,5.9468465,2.0531535,2.8,2.7520835,0.047916412,5.5,5.938695,0.43869495
274,276,train,1.9274312144544794,4.4667864780042414,2.2318263,40.799800000000275,6.903352469813139,2.3582001,2.3989999,-24.997108,-31.900460929285796,2.5,6.008258,3.5082579,1.0,2.927375,1.9273751,2.2,3.6607108,1.4607108,8.0,5.969038,2.030962
275,277,train,0.2381366001085598,0.627126693421118,1.4425774,1.8001000000000822,4.48822736371099,2.3966,2.3984001,-38.367218,-33.878990653867135,9.5,7.528246,1.9717541,6.5,7.3312893,0.8312893,1.0,2.0816126,1.0816126,9.0,7.1143465,1.8856535
276,278,train,0.0447549648129013,0.10595155175604413,2.3115442,0.0,1.2083106505600476,2.4242001,2.4242001,-26.266136,-25.057825518873546,11.5,8.474092,3.0259085,7.0,4.2679625,2.7320375,1.0,2.5673904,1.5673904,5.0,3.0791597,1.9208403
277,279,train,0.13213722028388908,0.24363077584397577,1.0791435,0.0,1.3400744126148538,2.4217999,2.4217999,-26.935436,-25.595361836164443,8.5,7.1793823,1.3206177,6.5,4.4969187,2.0030813,1.8,2.3779306,0.5779307,4.0,3.5850554,0.41494465
278,280,validation,0.13959367391262179,0.2623035965321602,0.63697386,0.6000999999997703,1.6483468255403508,2.4212,2.4205999,-27.414152,-25.76580531984539,8.0,7.0345984,0.96540165,4.5,4.590851,0.09085083,3.6,2.4163446,1.1836553,4.0,3.6920123,0.3079877
279,281,train,0.7149650736674574,1.487965620778941,0.6865594,13.200099999999715,0.389504428200226,2.2867999,2.3,-17.939816,-17.55031109304001,2.0,1.978369,0.021631002,7.5,5.2716813,2.2283187,4.2,4.546662,0.34666204,9.5,9.649626,0.14962578
280,282,train,0.2937060870632087,0.6357227826123589,2.1905832,0.6001000000002144,2.233221723947537,2.4014001,2.4008,-39.541138,-37.30791597136496,1.0,5.394847,4.394847,1.5,4.340783,2.840783,1.4,2.641553,1.241553,6.0,5.7148504,0.28514957
281,283,validation,0.054125453866107606,0.11257393219726927,3.2049084,0.0,1.1266711371583362,2.4242001,2.4242001,-26.239141,-25.112470327075062,2.0,8.333717,6.3337173,8.5,4.2477317,4.2522683,1.4,2.5227528,1.1227528,2.0,3.1108952,1.1108952
282,284,validation,0.13800789490840984,0.257671408347571,0.8673988,0.6000999999997703,1.369014753623496,2.4212,2.4205999,-27.088186,-25.71917151041459,6.5,7.1029377,0.6029377,7.0,4.57603,2.4239702,2.2,2.4467654,0.24676538,3.5,3.695922,0.1959219
283,285,train,0.38873600649106177,0.7984084581543144,1.1416647,1.799800000000129,1.4550654731013957,2.3185999,2.3168001,-16.584024,-15.128958956219893,4.0,2.5941114,1.4058886,1.5,3.5176857,2.0176857,3.0,3.5898354,0.5898354,9.5,8.946751,0.55324936
284,286,train,0.05471869612124841,0.1300796700468655,1.5393561,0.6000999999997703,1.3795123732453085,2.4254,2.4247999,-26.357763,-24.978250917159965,7.5,8.801256,1.3012562,0.5,4.423767,3.923767,2.6,2.669563,0.06956315,2.0,2.8628383,0.86283827
285,287,train,2.0108093188008,4.880146470671718,1.0478698,37.799999999999834,12.720468691488378,2.3546,2.3924,-24.829021,-37.5494901453458,6.0,6.471056,0.47105598,4.0,3.1600184,0.83998156,5.0,4.144697,0.8553028,8.5,6.474861,2.0251389
286,288,validation,0.2118043521301883,0.47651851118679894,1.2684635,0.5998999999996535,2.5949919707784446,2.4145999,2.414,-28.92094,-26.325948428391477,6.0,6.74403,0.74403,8.0,5.259627,2.7403731,1.4,2.4996197,1.0996197,5.0,4.510169,0.48983097
287,289,train,0.06856967028973962,0.12314709681109462,2.5315628,0.5999000000000976,0.17835227064912118,2.4266,2.4260001,-24.569845,-24.748197470234082,11.5,9.845701,1.6542988,8.5,4.6566787,3.8433213,3.8,3.3381443,0.46185565,7.0,2.833224,4.1667757
288,290,validation,0.2849142389060871,0.6644576565112578,1.0796863,1.1999000000000315,4.499790562349261,2.3803999,2.3792,-42.217144,-37.71735345010191,4.0,5.4969454,1.4969454,8.5,7.864429,0.635571,1.4,2.8715835,1.4715835,8.0,7.2853546,0.7146454
289,291,validation,0.5236419776579402,1.3322423474572553,2.163516,1.1999000000000315,12.810942943253863,2.3852,2.3840001,-46.87367,-34.062725727400434,8.0,5.6595564,2.3404436,7.5,3.7106168,3.7893832,2.6,4.05483,1.4548302,8.0,6.930593,1.069407
290,292,train,0.2978022966052268,0.689486845386738,2.687943,0.0,1.633813049093348,2.3792,2.3792,-33.67379,-32.039976928933996,10.0,5.876193,4.123807,3.0,6.7817616,3.7817616,3.2,2.887487,0.3125131,10.0,7.4663095,2.5336905
291,293,train,0.21589024546848265,0.5871772333339588,0.531152,0.0,4.673745950965209,2.4092,2.4092,-34.077477,-29.403730550499635,6.5,7.268527,0.76852703,3.0,3.8563695,0.8563695,3.6,3.4190998,0.1809001,5.0,5.3188114,0.31881142
292,294,train,0.22390352853284207,0.6148624326804136,1.8052129,0.0,7.459566080400236,2.3984001,2.3984001,-41.177387,-33.71782115714859,9.0,6.4656587,2.5343413,3.5,6.455634,2.955634,3.0,2.3657217,0.6342783,7.5,6.4034023,1.0965977
293,295,train,0.14539356261052508,0.3234923454454546,1.6307304,0.6000999999997703,0.20984770954142107,2.4302001,2.4296,-25.253979,-25.044131019706626,12.0,11.110874,0.8891258,3.0,3.4085023,0.40850234,4.4,4.2802963,0.11970377,8.0,2.8944106,5.1055894
294,296,train,0.327487452313331,0.7837819906866356,3.1242414,2.3998999999998993,1.0117342411191892,2.378,2.3756001,-28.800573,-29.812307590118213,11.5,5.837384,5.662616,0.0,5.88795,5.88795,2.4,3.2760859,0.87608576,7.5,7.429686,0.07031393
295,297,validation,1.6796340987921878,3.847415913529904,0.9952875,31.80000000000005,8.55218842085533,2.3671999,2.3989999,-23.840746,-32.39293434675865,3.5,5.0312085,1.5312085,2.0,2.611691,0.611691,3.8,2.9991422,0.8008578,7.0,5.9626074,1.0373926
296,298,train,0.1425743106003509,0.27007902651313753,0.9182807,0.5997999999998171,1.642860867128583,2.4205999,2.4200001,-27.52374,-25.880879901304034,7.0,7.0438585,0.043858528,6.0,4.5873914,1.4126086,1.0,2.473567,1.473567,4.5,3.7569113,0.7430887
297,299,validation,0.4143895127192151,0.7895505962471481,1.7448161,0.6000999999997703,0.42723813893225326,2.3383999,2.339,-19.877337,-19.450098363142942,5.5,2.158836,3.341164,2.0,4.0942974,2.0942974,4.0,2.8384717,1.1615283,9.0,8.617725,0.38227463
298,300,train,1.8927372799094955,4.404993062042849,2.4502597,37.800099999999674,3.186189014927699,2.3629999,2.4008,-28.215939,-31.402127583042933,3.5,5.465583,1.9655828,6.5,3.7546723,2.7453277,1.4,3.3186312,1.9186312,9.0,5.8285036,3.1714964
299,301,train,0.4693202786782229,0.9233147503329091,0.5506665,3.0000000000001137,2.5086844987428876,2.3443999,2.3413999,-22.535122,-20.026437418981722,1.5,2.0704386,0.5704386,5.5,4.2139974,1.2860026,2.4,2.7385316,0.3385315,8.5,8.492307,0.0076932907
