sample_idx,rank,true_l3,true_w4,true_h,l3,w4,h,curve_mae_dB,freq_err_MHz,depth_err_dB
10,1,9.0,1.0,0.699999988079071,9.464669227600098,0.8551504015922546,0.7724412083625793,0.45606154203414917,0.0,2.490799903869629
10,2,9.0,1.0,0.699999988079071,11.337157249450684,0.8278616666793823,0.5638442635536194,0.5292209386825562,0.0,3.0530834197998047
10,3,9.0,1.0,0.699999988079071,10.100167274475098,1.4864916801452637,0.6807711124420166,0.580186665058136,0.0,4.669370651245117
10,4,9.0,1.0,0.699999988079071,10.289770126342773,0.7745973467826843,0.7927701473236084,0.6451959609985352,0.0,3.7454757690429688
10,5,9.0,1.0,0.699999988079071,12.521220207214355,1.119887351989746,0.5569441318511963,0.664222776889801,0.0,2.6476478576660156
10,6,9.0,1.0,0.699999988079071,12.977988243103027,1.1062065362930298,0.6600499749183655,0.7065402269363403,0.0,3.14947509765625
10,7,9.0,1.0,0.699999988079071,9.596405029296875,1.7582190036773682,0.6565170884132385,0.7223415374755859,51.28192901611328,1.3511180877685547
10,8,9.0,1.0,0.699999988079071,10.467236518859863,1.3303718566894531,0.8139119148254395,0.7234724760055542,0.0,2.7986831665039062
10,9,9.0,1.0,0.699999988079071,11.433938026428223,1.6388989686965942,0.7052475810050964,0.7654603719711304,0.0,4.826385498046875
10,10,9.0,1.0,0.699999988079071,13.314738273620605,1.3758502006530762,0.6052918434143066,0.7659358978271484,0.0,1.907358169555664
83,1,10.0,1.5,0.800000011920929,10.467236518859863,1.3303718566894531,0.8139119148254395,0.5646249651908875,0.0,15.001266479492188
83,2,10.0,1.5,0.800000011920929,11.433938026428223,1.6388989686965942,0.7052475810050964,0.6615330576896667,0.0,12.973564147949219
83,3,10.0,1.5,0.800000011920929,10.100167274475098,1.4864916801452637,0.6807711124420166,0.7040074467658997,0.0,13.130578994750977
83,4,10.0,1.5,0.800000011920929,9.615839004516602,1.4479129314422607,1.0080037117004395,0.7808932065963745,0.0,10.377182006835938
83,5,10.0,1.5,0.800000011920929,12.977988243103027,1.1062065362930298,0.6600499749183655,0.8602544665336609,0.0,20.949424743652344
83,6,10.0,1.5,0.800000011920929,9.411829948425293,1.8111441135406494,0.8642154335975647,0.9093686938285828,0.0,19.205772399902344
83,7,10.0,1.5,0.800000011920929,11.337157249450684,0.8278616666793823,0.5638442635536194,0.9423601031303406,0.0,20.8530330657959
83,8,10.0,1.5,0.800000011920929,12.521220207214355,1.119887351989746,0.5569441318511963,0.9465999603271484,0.0,20.44759750366211
83,9,10.0,1.5,0.800000011920929,13.314738273620605,1.3758502006530762,0.6052918434143066,0.947172999382019,0.0,19.707307815551758
83,10,10.0,1.5,0.800000011920929,13.78320026397705,1.0932246446609497,0.5778382420539856,1.027353286743164,0.0,23.622314453125
94,1,10.0,2.0,1.100000023841858,9.615839004516602,1.4479129314422607,1.0080037117004395,0.5705068707466125,0.0,9.631034851074219
94,2,10.0,2.0,1.100000023841858,11.942265510559082,1.8585947751998901,0.9928558468818665,0.7615445256233215,0.0,15.681743621826172
94,3,10.0,2.0,1.100000023841858,11.407026290893555,2.0184807777404785,0.9701905250549316,0.7660693526268005,0.0,16.91994285583496
94,4,10.0,2.0,1.100000023841858,10.364192962646484,2.259229898452759,1.033057451248169,0.7722567319869995,0.0,15.929731369018555
94,5,10.0,2.0,1.100000023841858,11.01425838470459,2.157151222229004,0.924322247505188,0.8066099286079407,0.0,16.764171600341797
94,6,10.0,2.0,1.100000023841858,12.339287757873535,1.7459043264389038,1.06903076171875,0.9197319149971008,0.0,16.606311798095703
94,7,10.0,2.0,1.100000023841858,12.283062934875488,2.307051181793213,1.1376490592956543,0.9252519607543945,0.0,15.510419845581055
94,8,10.0,2.0,1.100000023841858,10.39493179321289,1.6164146661758423,1.1646645069122314,0.9648464322090149,0.0,18.256431579589844
94,9,10.0,2.0,1.100000023841858,11.712238311767578,1.692812442779541,1.1277519464492798,0.9770228266716003,0.0,18.887435913085938
94,10,10.0,2.0,1.100000023841858,11.433938026428223,1.6388989686965942,0.7052475810050964,0.9886237382888794,0.0,12.2274169921875
123,1,10.0,4.0,0.800000011920929,10.492148399353027,3.668727159500122,0.8062324523925781,0.21731650829315186,0.0,1.2719049453735352
123,2,10.0,4.0,0.800000011920929,9.722317695617676,3.7951269149780273,0.7454113364219666,0.3300841450691223,0.0,0.045266151428222656
123,3,10.0,4.0,0.800000011920929,10.994338035583496,3.91548228263855,0.6138318777084351,0.38165903091430664,0.0,0.4071998596191406
123,4,10.0,4.0,0.800000011920929,10.934818267822266,3.3239216804504395,0.6063318848609924,0.3998284339904785,0.0,0.24291133880615234
123,5,10.0,4.0,0.800000011920929,10.478836059570312,3.4855329990386963,0.5584505200386047,0.42135944962501526,0.0,0.6619729995727539
123,6,10.0,4.0,0.800000011920929,9.275108337402344,3.7020254135131836,0.7619895935058594,0.43187031149864197,0.0,0.3948249816894531
123,7,10.0,4.0,0.800000011920929,11.566240310668945,3.8641669750213623,0.7745708227157593,0.4623408317565918,0.0,1.8731613159179688
123,8,10.0,4.0,0.800000011920929,9.976305961608887,3.791604995727539,0.5593864321708679,0.4925302565097809,0.0,1.4896612167358398
123,9,10.0,4.0,0.800000011920929,9.371603012084961,2.7089850902557373,0.5819469094276428,0.6731563806533813,51.28216552734375,1.6917839050292969
123,10,10.0,4.0,0.800000011920929,11.996320724487305,2.7471108436584473,0.5721867084503174,0.6922305226325989,51.28216552734375,0.17728424072265625
172,1,11.0,3.0,0.8999999761581421,10.454599380493164,2.9926273822784424,0.9422860741615295,0.1575738936662674,0.0,0.17276287078857422
172,2,11.0,3.0,0.8999999761581421,10.811965942382812,2.890523672103882,0.9354607462882996,0.17924444377422333,0.0,0.7203645706176758
172,3,11.0,3.0,0.8999999761581421,11.063532829284668,3.0727486610412598,0.9433806538581848,0.24376201629638672,0.0,0.08922672271728516
172,4,11.0,3.0,0.8999999761581421,10.159158706665039,2.8054277896881104,0.8863348364830017,0.31630757451057434,0.0,0.9134578704833984
172,5,11.0,3.0,0.8999999761581421,11.487858772277832,2.5239803791046143,0.9090200662612915,0.3963475227355957,0.0,2.043654441833496
172,6,11.0,3.0,0.8999999761581421,9.52041244506836,2.5191636085510254,0.9327526688575745,0.45618757605552673,0.0,0.13126373291015625
172,7,11.0,3.0,0.8999999761581421,12.416862487792969,3.082639217376709,0.8280852437019348,0.5303139686584473,0.0,1.0597429275512695
172,8,11.0,3.0,0.8999999761581421,9.203352928161621,2.680116653442383,1.1820764541625977,0.551527202129364,0.0,0.6477136611938477
172,9,11.0,3.0,0.8999999761581421,9.907788276672363,2.93858003616333,1.1860228776931763,0.5543938279151917,0.0,0.5187196731567383
172,10,11.0,3.0,0.8999999761581421,10.115950584411621,2.4890801906585693,1.0527327060699463,0.5655567049980164,51.28192901611328,0.5683755874633789
187,1,11.0,4.0,0.800000011920929,10.597390174865723,3.9055368900299072,0.8090713620185852,0.1101788729429245,0.0,0.19533252716064453
187,2,11.0,4.0,0.800000011920929,11.793676376342773,3.75765061378479,0.8317731618881226,0.3221045136451721,51.28216552734375,0.851099967956543
187,3,11.0,4.0,0.800000011920929,13.237204551696777,3.1271517276763916,0.5896320939064026,0.564781904220581,51.28216552734375,0.028272628784179688
187,4,11.0,4.0,0.800000011920929,10.994338035583496,3.91548228263855,0.6138318777084351,0.5919768214225769,0.0,0.6058034896850586
187,5,11.0,4.0,0.800000011920929,9.722317695617676,3.7951269149780273,0.7454113364219666,0.5961235761642456,0.0,0.9677371978759766
187,6,11.0,4.0,0.800000011920929,9.926952362060547,3.2852742671966553,0.8661684989929199,0.6044449806213379,51.28216552734375,1.1979103088378906
187,7,11.0,4.0,0.800000011920929,14.067230224609375,3.4259305000305176,0.5316530466079712,0.6256029605865479,0.0,1.6716880798339844
187,8,11.0,4.0,0.800000011920929,10.934818267822266,3.3239216804504395,0.6063318848609924,0.6538421511650085,0.0,0.7700920104980469
187,9,11.0,4.0,0.800000011920929,12.416862487792969,3.082639217376709,0.8280852437019348,0.6805999875068665,102.56409454345703,2.329174041748047
187,10,11.0,4.0,0.800000011920929,11.996320724487305,2.7471108436584473,0.5721867084503174,0.6919184923171997,51.28216552734375,0.835719108581543
189,1,11.0,4.0,1.0,11.170792579650879,3.965188503265381,0.9544472694396973,0.14579984545707703,0.0,0.10051918029785156
189,2,11.0,4.0,1.0,10.901100158691406,3.7908058166503906,1.0285961627960205,0.20405903458595276,0.0,0.4736814498901367
189,3,11.0,4.0,1.0,10.916495323181152,3.4977145195007324,1.096527099609375,0.49581336975097656,51.28192901611328,0.16026687622070312
189,4,11.0,4.0,1.0,11.329833030700684,3.4722819328308105,1.0266622304916382,0.5016875267028809,51.28192901611328,0.606104850769043
189,5,11.0,4.0,1.0,10.589725494384766,3.3353967666625977,1.17891526222229,0.6977197527885437,102.56385803222656,1.5318822860717773
189,6,11.0,4.0,1.0,11.063532829284668,3.0727486610412598,0.9433806538581848,0.8348239660263062,51.28192901611328,3.2205448150634766
189,7,11.0,4.0,1.0,10.454599380493164,2.9926273822784424,0.9422860741615295,0.9464426040649414,51.28192901611328,3.1370086669921875
189,8,11.0,4.0,1.0,13.160544395446777,3.8832919597625732,1.027364730834961,1.0093399286270142,102.56385803222656,3.8089818954467773
189,9,11.0,4.0,1.0,10.811965942382812,2.890523672103882,0.9354607462882996,1.0206611156463623,51.28192901611328,4.0301361083984375
189,10,11.0,4.0,1.0,11.793676376342773,3.75765061378479,0.8317731618881226,1.0370168685913086,0.0,0.9302453994750977
210,1,12.0,1.5,0.699999988079071,12.420328140258789,1.2553735971450806,0.5544142723083496,0.33126258850097656,0.0,3.6322765350341797
210,2,12.0,1.5,0.699999988079071,13.314738273620605,1.3758502006530762,0.6052918434143066,0.36659571528434753,0.0,3.204874038696289
210,3,12.0,1.5,0.699999988079071,11.433938026428223,1.6388989686965942,0.7052475810050964,0.37462759017944336,0.0,3.52886962890625
210,4,12.0,1.5,0.699999988079071,10.100167274475098,1.4864916801452637,0.6807711124420166,0.39643123745918274,0.0,3.371854782104492
210,5,12.0,1.5,0.699999988079071,11.337157249450684,0.8278616666793823,0.5638442635536194,0.4670448303222656,0.0,4.35059928894043
210,6,12.0,1.5,0.699999988079071,12.977988243103027,1.1062065362930298,0.6600499749183655,0.4935051500797272,0.0,4.446990966796875
210,7,12.0,1.5,0.699999988079071,10.467236518859863,1.3303718566894531,0.8139119148254395,0.5459506511688232,0.0,1.5011672973632812
210,8,12.0,1.5,0.699999988079071,13.78320026397705,1.0932246446609497,0.5778382420539856,0.5483366250991821,0.0,7.119881629943848
210,9,12.0,1.5,0.699999988079071,9.596405029296875,1.7582190036773682,0.6565170884132385,0.5579504370689392,51.28192901611328,2.6486339569091797
210,10,12.0,1.5,0.699999988079071,11.93089485168457,1.7870053052902222,0.8460942506790161,0.5977374315261841,0.0,3.184764862060547
278,1,13.0,1.5,1.100000023841858,13.113875389099121,1.8758420944213867,1.1213929653167725,0.19547754526138306,0.0,1.2170228958129883
278,2,13.0,1.5,1.100000023841858,13.986385345458984,1.6829830408096313,0.9870241284370422,0.2984639108181,0.0,1.1187553405761719
278,3,13.0,1.5,1.100000023841858,13.085978507995605,1.367058515548706,1.1053056716918945,0.3130645751953125,0.0,1.6944942474365234
278,4,13.0,1.5,1.100000023841858,15.044408798217773,1.6303476095199585,1.0757761001586914,0.4535074234008789,0.0,3.4948973655700684
278,5,13.0,1.5,1.100000023841858,11.712238311767578,1.692812442779541,1.1277519464492798,0.4543825089931488,0.0,3.1671199798583984
278,6,13.0,1.5,1.100000023841858,14.832056999206543,2.2553069591522217,1.1950753927230835,0.45920103788375854,0.0,1.436507225036621
278,7,13.0,1.5,1.100000023841858,15.682419776916504,1.851359248161316,0.9129424095153809,0.5447168350219727,1128.2061767578125,1.0132427215576172
278,8,13.0,1.5,1.100000023841858,15.201062202453613,1.8478420972824097,0.8908830285072327,0.5697116851806641,1128.2061767578125,1.018829345703125
278,9,13.0,1.5,1.100000023841858,12.339287757873535,1.7459043264389038,1.06903076171875,0.5711389780044556,0.0,5.448244094848633
278,10,13.0,1.5,1.100000023841858,10.39493179321289,1.6164146661758423,1.1646645069122314,0.5768352746963501,0.0,3.798124313354492
297,1,13.0,3.0,0.6000000238418579,13.237204551696777,3.1271517276763916,0.5896320939064026,0.11570224910974503,0.0,0.7127304077148438
297,2,13.0,3.0,0.6000000238418579,13.286197662353516,2.409658670425415,0.5101812481880188,0.1854790598154068,0.0,0.3563671112060547
297,3,13.0,3.0,0.6000000238418579,13.860359191894531,3.281839609146118,0.600094199180603,0.21945706009864807,0.0,1.709254264831543
297,4,13.0,3.0,0.6000000238418579,12.109417915344238,2.6525251865386963,0.5822683572769165,0.24721261858940125,0.0,0.07333087921142578
297,5,13.0,3.0,0.6000000238418579,13.876514434814453,2.722827672958374,0.5794903039932251,0.30712050199508667,51.28192901611328,0.0881967544555664
297,6,13.0,3.0,0.6000000238418579,13.373682022094727,3.8726699352264404,0.7633817195892334,0.3385073244571686,1282.0518798828125,1.152517318725586
297,7,13.0,3.0,0.6000000238418579,15.09295654296875,2.5502145290374756,0.5201478600502014,0.3588438630104065,51.28192901611328,0.17320919036865234
297,8,13.0,3.0,0.6000000238418579,10.12739372253418,2.9395551681518555,0.6999984979629517,0.38819804787635803,0.0,0.7821779251098633
297,9,13.0,3.0,0.6000000238418579,11.566240310668945,3.8641669750213623,0.7745708227157593,0.3923001289367676,51.28216552734375,1.601161003112793
297,10,13.0,3.0,0.6000000238418579,14.279871940612793,3.312183141708374,0.668101966381073,0.40048837661743164,51.28192901611328,1.222203254699707
307,1,13.0,3.5,0.800000011920929,13.739316940307617,3.6221630573272705,0.7456405162811279,0.2164018601179123,1230.77001953125,0.1600332260131836
307,2,13.0,3.5,0.800000011920929,13.373682022094727,3.8726699352264404,0.7633817195892334,0.2252090871334076,1230.77001953125,0.16477394104003906
307,3,13.0,3.5,0.800000011920929,13.198051452636719,3.112720012664795,0.7300652265548706,0.23882099986076355,0.0,2.0045032501220703
307,4,13.0,3.5,0.800000011920929,14.064811706542969,3.2174453735351562,0.7419671416282654,0.2886430621147156,0.0,2.2031469345092773
307,5,13.0,3.5,0.800000011920929,13.876514434814453,2.722827672958374,0.5794903039932251,0.308814138174057,0.0,1.2290945053100586
307,6,13.0,3.5,0.800000011920929,15.09295654296875,2.5502145290374756,0.5201478600502014,0.3363667130470276,0.0,1.1440820693969727
307,7,13.0,3.5,0.800000011920929,13.286197662353516,2.409658670425415,0.5101812481880188,0.3782723546028137,51.28192901611328,1.6736583709716797
307,8,13.0,3.5,0.800000011920929,14.624151229858398,2.9628024101257324,0.6731436848640442,0.398624986410141,0.0,2.629031181335449
307,9,13.0,3.5,0.800000011920929,15.92940902709961,2.822256088256836,0.5075863599777222,0.4057134687900543,0.0,0.9430160522460938
307,10,13.0,3.5,0.800000011920929,12.109417915344238,2.6525251865386963,0.5822683572769165,0.4184688627719879,51.28192901611328,1.3906221389770508
349,1,14.0,2.0,1.0,13.986385345458984,1.6829830408096313,0.9870241284370422,0.23816630244255066,0.0,1.3558979034423828
349,2,14.0,2.0,1.0,13.113875389099121,1.8758420944213867,1.1213929653167725,0.24390539526939392,0.0,0.9798803329467773
349,3,14.0,2.0,1.0,15.201062202453613,1.8478420972824097,0.8908830285072327,0.3775412142276764,1128.2061767578125,1.255971908569336
349,4,14.0,2.0,1.0,15.682419776916504,1.851359248161316,0.9129424095153809,0.3911924958229065,1128.2061767578125,1.2503852844238281
349,5,14.0,2.0,1.0,11.712238311767578,1.692812442779541,1.1277519464492798,0.43168210983276367,0.0,2.9299774169921875
349,6,14.0,2.0,1.0,14.832056999206543,2.2553069591522217,1.1950753927230835,0.4426190257072449,0.0,1.673649787902832
349,7,14.0,2.0,1.0,16.17772674560547,1.9441618919372559,0.9486123323440552,0.4535503387451172,1128.2061767578125,1.1545085906982422
349,8,14.0,2.0,1.0,12.339287757873535,1.7459043264389038,1.06903076171875,0.4734629690647125,0.0,5.211101531982422
349,9,14.0,2.0,1.0,14.825730323791504,2.514159679412842,0.9342167377471924,0.5418722033500671,0.0,1.7463951110839844
349,10,14.0,2.0,1.0,12.777719497680664,2.5679163932800293,1.1231846809387207,0.5433616638183594,0.0,4.937976837158203
420,1,15.0,2.5,0.8999999761581421,15.459521293640137,2.4222934246063232,0.9158915281295776,0.17375688254833221,0.0,2.167231559753418
420,2,15.0,2.5,0.8999999761581421,14.825730323791504,2.514159679412842,0.9342167377471924,0.17380066215991974,51.28192901611328,1.3518342971801758
420,3,15.0,2.5,0.8999999761581421,14.091282844543457,2.3597412109375,0.875267505645752,0.27770382165908813,0.0,0.15370845794677734
420,4,15.0,2.5,0.8999999761581421,16.26612663269043,2.260976791381836,0.8641144633293152,0.3433830142021179,0.0,2.181830406188965
420,5,15.0,2.5,0.8999999761581421,14.473864555358887,2.759153127670288,0.9943695664405823,0.34414806962013245,51.28192901611328,0.13071250915527344
420,6,15.0,2.5,0.8999999761581421,15.467178344726562,3.0285823345184326,0.9906784296035767,0.3945022523403168,51.28192901611328,0.5729360580444336
420,7,15.0,2.5,0.8999999761581421,16.39754867553711,2.7012999057769775,0.844832718372345,0.4565863013267517,0.0,2.365591049194336
420,8,15.0,2.5,0.8999999761581421,16.26053237915039,3.0413196086883545,0.9793118238449097,0.47116270661354065,0.0,1.974837303161621
420,9,15.0,2.5,0.8999999761581421,16.17772674560547,1.9441618919372559,0.9486123323440552,0.4893921911716461,1179.488037109375,4.252737998962402
420,10,15.0,2.5,0.8999999761581421,15.659541130065918,2.7818644046783447,1.1654250621795654,0.4952888488769531,51.28192901611328,3.0612287521362305
451,1,16.0,0.5,0.800000011920929,16.543277740478516,0.6610092520713806,1.0382912158966064,0.32696110010147095,0.0,1.7577166557312012
451,2,16.0,0.5,0.800000011920929,14.705958366394043,0.6307186484336853,0.9340928196907043,0.33277082443237305,1128.2061767578125,1.7722492218017578
451,3,16.0,0.5,0.800000011920929,16.885204315185547,0.7469906210899353,1.1136575937271118,0.35947227478027344,0.0,1.661198616027832
451,4,16.0,0.5,0.800000011920929,13.727143287658691,0.7427645325660706,0.7437788248062134,0.3771311640739441,0.0,0.9416356086730957
451,5,16.0,0.5,0.800000011920929,13.096744537353516,0.8305503726005554,0.7775799632072449,0.3877902030944824,1128.2061767578125,1.445307731628418
451,6,16.0,0.5,0.800000011920929,16.140472412109375,1.047529697418213,1.1910933256149292,0.3960346579551697,0.0,1.4770078659057617
451,7,16.0,0.5,0.800000011920929,15.167737007141113,0.9447118043899536,0.8245888948440552,0.3964819014072418,0.0,0.5647497177124023
451,8,16.0,0.5,0.800000011920929,14.161382675170898,0.7491602897644043,1.1036546230316162,0.3983786106109619,1128.2061767578125,2.055569648742676
451,9,16.0,0.5,0.800000011920929,14.377084732055664,0.5927895903587341,0.5938106775283813,0.4021604657173157,0.0,1.953521728515625
451,10,16.0,0.5,0.800000011920929,14.420515060424805,0.8527230024337769,0.8597926497459412,0.4099489748477936,1128.2061767578125,0.0632181167602539
486,1,16.0,2.5,1.100000023841858,15.659541130065918,2.7818644046783447,1.1654250621795654,0.1952252835035324,0.0,1.2504167556762695
486,2,16.0,2.5,1.100000023841858,16.759279251098633,2.921633243560791,1.1650434732437134,0.2782772481441498,1128.2061767578125,0.24515247344970703
486,3,16.0,2.5,1.100000023841858,15.459521293640137,2.4222934246063232,0.9158915281295776,0.29465633630752563,51.28192901611328,2.144413948059082
486,4,16.0,2.5,1.100000023841858,14.832056999206543,2.2553069591522217,1.1950753927230835,0.3256712555885315,0.0,0.4602336883544922
486,5,16.0,2.5,1.100000023841858,16.26612663269043,2.260976791381836,0.8641144633293152,0.3375123143196106,51.28192901611328,2.129815101623535
486,6,16.0,2.5,1.100000023841858,15.41757583618164,2.9586942195892334,1.108019471168518,0.35236069560050964,0.0,2.515047073364258
486,7,16.0,2.5,1.100000023841858,16.17772674560547,1.9441618919372559,0.9486123323440552,0.35967016220092773,1128.2061767578125,0.058907508850097656
486,8,16.0,2.5,1.100000023841858,16.26053237915039,3.0413196086883545,0.9793118238449097,0.3876424729824066,51.28192901611328,2.336808204650879
486,9,16.0,2.5,1.100000023841858,14.825730323791504,2.514159679412842,0.9342167377471924,0.3918115496635437,0.0,2.959811210632324
486,10,16.0,2.5,1.100000023841858,16.6995792388916,2.220655679702759,1.1678357124328613,0.4117993414402008,1128.2061767578125,0.49359798431396484
505,1,16.0,4.0,0.6000000238418579,15.17016315460205,3.2940330505371094,0.5516576170921326,0.41181230545043945,102.56385803222656,1.2261176109313965
505,2,16.0,4.0,0.6000000238418579,13.739316940307617,3.6221630573272705,0.7456405162811279,0.42492929100990295,1179.488037109375,0.05201530456542969
505,3,16.0,4.0,0.6000000238418579,14.527502059936523,3.457063674926758,0.6029514670372009,0.4300324022769928,102.56385803222656,1.2367534637451172
505,4,16.0,4.0,0.6000000238418579,15.971684455871582,2.9359097480773926,0.5184568762779236,0.48493701219558716,51.28192901611328,0.989802360534668
505,5,16.0,4.0,0.6000000238418579,13.373682022094727,3.8726699352264404,0.7633817195892334,0.5473556518554688,1179.488037109375,0.27279186248779297
505,6,16.0,4.0,0.6000000238418579,16.018714904785156,3.5711519718170166,0.730126142501831,0.5741547346115112,51.28192901611328,4.1770524978637695
505,7,16.0,4.0,0.6000000238418579,13.860359191894531,3.281839609146118,0.600094199180603,0.612843930721283,102.56385803222656,0.28394508361816406
505,8,16.0,4.0,0.6000000238418579,15.09295654296875,2.5502145290374756,0.5201478600502014,0.6827896237373352,51.28192901611328,1.2520999908447266
505,9,16.0,4.0,0.6000000238418579,14.624151229858398,2.9628024101257324,0.6731436848640442,0.6979936361312866,51.28192901611328,2.737049102783203
505,10,16.0,4.0,0.6000000238418579,16.493839263916016,3.350639581680298,0.8444814085960388,0.7154697179794312,51.28192901611328,5.981581687927246
514,1,17.0,0.5,0.699999988079071,16.774255752563477,0.8424195647239685,0.5904116034507751,0.30904442071914673,0.0,0.7249755859375
514,2,17.0,0.5,0.699999988079071,14.377084732055664,0.5927895903587341,0.5938106775283813,0.5215862989425659,0.0,3.031002998352051
514,3,17.0,0.5,0.699999988079071,14.855951309204102,1.0657005310058594,0.8536766767501831,0.5681601762771606,0.0,4.341630458831787
514,4,17.0,0.5,0.699999988079071,12.915621757507324,1.0702705383300781,0.8926566243171692,0.6149799227714539,1128.2061767578125,2.280512809753418
514,5,17.0,0.5,0.699999988079071,14.420515060424805,0.8527230024337769,0.8597926497459412,0.6200292706489563,1128.2061767578125,5.04774284362793
514,6,17.0,0.5,0.699999988079071,15.167737007141113,0.9447118043899536,0.8245888948440552,0.622194766998291,0.0,4.419775009155273
514,7,17.0,0.5,0.699999988079071,15.281407356262207,1.3539637327194214,0.8846702575683594,0.63679438829422,0.0,3.329422950744629
514,8,17.0,0.5,0.699999988079071,13.727143287658691,0.7427645325660706,0.7437788248062134,0.6386899948120117,0.0,4.04288911819458
514,9,17.0,0.5,0.699999988079071,16.725055694580078,1.1833504438400269,0.558874785900116,0.6790763139724731,0.0,1.0675945281982422
514,10,17.0,0.5,0.699999988079071,15.629899978637695,0.9902940392494202,1.0222314596176147,0.6968706846237183,0.0,5.982487201690674
522,1,17.0,1.0,0.699999988079071,16.774255752563477,0.8424195647239685,0.5904116034507751,0.12065307796001434,0.0,0.3600654602050781
522,2,17.0,1.0,0.699999988079071,16.725055694580078,1.1833504438400269,0.558874785900116,0.44316619634628296,0.0,0.017446517944335938
522,3,17.0,1.0,0.699999988079071,15.281407356262207,1.3539637327194214,0.8846702575683594,0.46025556325912476,0.0,4.414463996887207
522,4,17.0,1.0,0.699999988079071,14.855951309204102,1.0657005310058594,0.8536766767501831,0.49605274200439453,0.0,5.426671504974365
522,5,17.0,1.0,0.699999988079071,14.377084732055664,0.5927895903587341,0.5938106775283813,0.5698699355125427,0.0,4.116044044494629
522,6,17.0,1.0,0.699999988079071,12.915621757507324,1.0702705383300781,0.8926566243171692,0.5828555822372437,1128.2061767578125,3.365553855895996
522,7,17.0,1.0,0.699999988079071,15.167737007141113,0.9447118043899536,0.8245888948440552,0.5853910446166992,0.0,5.504816055297852
522,8,17.0,1.0,0.699999988079071,14.420515060424805,0.8527230024337769,0.8597926497459412,0.633522629737854,1128.2061767578125,6.132783889770508
522,9,17.0,1.0,0.699999988079071,16.756677627563477,1.5305711030960083,1.044002890586853,0.6754485368728638,0.0,4.8933000564575195
522,10,17.0,1.0,0.699999988079071,13.727143287658691,0.7427645325660706,0.7437788248062134,0.6776676177978516,0.0,5.127930164337158
525,1,17.0,1.0,1.0,15.629899978637695,0.9902940392494202,1.0222314596176147,0.1578594446182251,0.0,1.004774570465088
525,2,17.0,1.0,1.0,16.097702026367188,1.502894401550293,1.1652880907058716,0.18605414032936096,0.0,0.02985382080078125
525,3,17.0,1.0,1.0,16.895095825195312,1.527571439743042,1.1742558479309082,0.2279539555311203,0.0,0.6077561378479004
525,4,17.0,1.0,1.0,15.167737007141113,0.9447118043899536,0.8245888948440552,0.31076547503471375,0.0,0.5579376220703125
525,5,17.0,1.0,1.0,16.140472412109375,1.047529697418213,1.1910933256149292,0.34596699476242065,0.0,1.4838199615478516
525,6,17.0,1.0,1.0,14.855951309204102,1.0657005310058594,0.8536766767501831,0.35383057594299316,0.0,0.6360821723937988
525,7,17.0,1.0,1.0,14.420515060424805,0.8527230024337769,0.8597926497459412,0.3562609851360321,1128.2061767578125,0.07003021240234375
525,8,17.0,1.0,1.0,14.705958366394043,0.6307186484336853,0.9340928196907043,0.3713369369506836,1128.2061767578125,1.7790613174438477
525,9,17.0,1.0,1.0,15.281407356262207,1.3539637327194214,0.8846702575683594,0.4674980044364929,0.0,1.648289680480957
525,10,17.0,1.0,1.0,16.543277740478516,0.6610092520713806,1.0382912158966064,0.48601993918418884,0.0,1.764528751373291
534,1,17.0,1.5,1.100000023841858,16.895095825195312,1.527571439743042,1.1742558479309082,0.10314948856830597,0.0,0.2571125030517578
534,2,17.0,1.5,1.100000023841858,16.097702026367188,1.502894401550293,1.1652880907058716,0.14386799931526184,0.0,0.8947224617004395
534,3,17.0,1.5,1.100000023841858,15.629899978637695,0.9902940392494202,1.0222314596176147,0.39833754301071167,0.0,1.869643211364746
534,4,17.0,1.5,1.100000023841858,15.167737007141113,0.9447118043899536,0.8245888948440552,0.4039951264858246,0.0,0.3069310188293457
534,5,17.0,1.5,1.100000023841858,14.855951309204102,1.0657005310058594,0.8536766767501831,0.4164251685142517,0.0,0.22878646850585938
534,6,17.0,1.5,1.100000023841858,15.281407356262207,1.3539637327194214,0.8846702575683594,0.41916513442993164,0.0,0.7834210395812988
534,7,17.0,1.5,1.100000023841858,15.044408798217773,1.6303476095199585,1.0757761001586914,0.43846315145492554,1128.2061767578125,0.13334274291992188
534,8,17.0,1.5,1.100000023841858,14.420515060424805,0.8527230024337769,0.8597926497459412,0.5043402910232544,1128.2061767578125,0.934898853302002
534,9,17.0,1.5,1.100000023841858,16.6995792388916,2.220655679702759,1.1678357124328613,0.5414344072341919,0.0,1.8916831016540527
534,10,17.0,1.5,1.100000023841858,16.27456283569336,1.7955554723739624,0.7594495415687561,0.5916054844856262,1179.488037109375,4.155867099761963
